filename,rating,final_genre,review_status,model_1st,model_1st_conf,model_2nd,model_2nd_conf,title
test2024-001.jpg,,Nature Photography,review,Nature Photography,0.7734,Street Photography,0.1226,
test2024-002.jpg,,Street Photography,auto,Street Photography,0.8236,Portrait Photography,0.1097,
test2024-003.jpg,,Street Photography,auto,Street Photography,0.9325,Portrait Photography,0.0359,
test2024-004.jpg,,Street Photography,auto,Street Photography,0.9047,Portrait Photography,0.0824,
test2024-005.jpg,,Street Photography,auto,Street Photography,0.9090,Portrait Photography,0.0706,
test2024-006.jpg,,Street Photography,auto,Street Photography,0.8287,Portrait Photography,0.1148,
test2024-007.jpg,,Street Photography,review,Street Photography,0.7984,Nature Photography,0.1001,
test2024-008.jpg,,Street Photography,auto,Street Photography,0.9196,Portrait Photography,0.0385,
test2024-009.jpg,,Street Photography,auto,Street Photography,0.9983,Portrait Photography,0.0014,
test2024-010.jpg,,Street Photography,auto,Street Photography,0.9884,Nature Photography,0.0060,
test2024-011.jpg,,Street Photography,auto,Street Photography,0.9682,Nature Photography,0.0210,
test2024-012.jpg,,Street Photography,auto,Street Photography,0.9977,Portrait Photography,0.0020,
test2024-013.jpg,,Street Photography,auto,Street Photography,0.9558,Portrait Photography,0.0431,
test2024-014.jpg,,Street Photography,auto,Street Photography,0.9448,Portrait Photography,0.0545,
test2024-015.jpg,,Street Photography,auto,Street Photography,0.9443,Portrait Photography,0.0285,
test2024-016.jpg,,Street Photography,auto,Street Photography,0.9760,Portrait Photography,0.0145,
test2024-017.jpg,,Street Photography,review,Street Photography,0.6423,Portrait Photography,0.2082,
test2024-018.jpg,,Street Photography,auto,Street Photography,0.9671,Portrait Photography,0.0283,
test2024-019.jpg,,Street Photography,auto,Street Photography,0.9956,Portrait Photography,0.0032,
test2024-020.jpg,,Product Photography,review,Product Photography,0.7698,Portrait Photography,0.1921,
test2024-021.jpg,,Street Photography,auto,Street Photography,0.9514,Portrait Photography,0.0269,
test2024-022.jpg,,Street Photography,auto,Street Photography,0.8323,Nature Photography,0.0796,
test2024-023.jpg,,Street Photography,auto,Street Photography,0.9691,Portrait Photography,0.0219,
test2024-024.jpg,,Street Photography,auto,Street Photography,0.9960,Portrait Photography,0.0030,
test2024-025.jpg,,Street Photography,auto,Street Photography,0.8429,Portrait Photography,0.1040,
test2024-026.jpg,,Street Photography,review,Street Photography,0.5965,Nature Photography,0.3370,
test2024-027.jpg,,Nature Photography,review,Nature Photography,0.6834,Portrait Photography,0.1723,
test2024-028.jpg,,Street Photography,review,Street Photography,0.7829,Portrait Photography,0.1843,
test2024-029.jpg,,Street Photography,auto,Street Photography,0.9276,Portrait Photography,0.0399,
test2024-030.jpg,,Street Photography,review,Street Photography,0.7869,Nature Photography,0.1400,
test2024-031.jpg,,Street Photography,auto,Street Photography,0.9260,Music Photography,0.0456,
test2024-032.jpg,,Street Photography,review,Street Photography,0.7797,Music Photography,0.1150,
test2024-033.jpg,,Street Photography,review,Street Photography,0.7958,Music Photography,0.1301,
test2024-034.jpg,,Street Photography,auto,Street Photography,0.8006,Portrait Photography,0.1219,
test2024-035.jpg,,Street Photography,review,Street Photography,0.7479,Portrait Photography,0.1971,
test2024-036.jpg,,Street Photography,auto,Street Photography,0.9936,Portrait Photography,0.0063,
test2024-037.jpg,,Street Photography,auto,Street Photography,0.9669,Nature Photography,0.0263,
test2024-038.jpg,,Street Photography,auto,Street Photography,0.9724,Portrait Photography,0.0120,
test2024-039.jpg,,Street Photography,auto,Street Photography,0.9889,Portrait Photography,0.0056,
test2024-040.jpg,,Nature Photography,review,Nature Photography,0.4494,Street Photography,0.4422,
test2024-041.jpg,,Product Photography,review,Product Photography,0.7555,Street Photography,0.1711,
test2024-042.jpg,,Street Photography,auto,Street Photography,0.9936,Portrait Photography,0.0061,
test2024-043.jpg,,Street Photography,auto,Street Photography,0.9254,Portrait Photography,0.0581,
test2024-044.jpg,,Street Photography,auto,Street Photography,0.9311,Nature Photography,0.0353,
test2024-045.jpg,,Street Photography,auto,Street Photography,0.9221,Portrait Photography,0.0641,
test2024-046.jpg,,Street Photography,auto,Street Photography,0.9376,Portrait Photography,0.0615,
test2024-047.jpg,,Street Photography,auto,Street Photography,0.9919,Portrait Photography,0.0061,
test2024-048.jpg,,Street Photography,auto,Street Photography,0.9991,Portrait Photography,0.0005,
test2024-049.jpg,,Street Photography,review,Street Photography,0.7473,Portrait Photography,0.1985,
test2024-050.jpg,,Street Photography,review,Street Photography,0.4424,Nature Photography,0.4230,
test2024-051.jpg,,Street Photography,review,Street Photography,0.5772,Nature Photography,0.2175,
test2024-052.jpg,,Street Photography,review,Street Photography,0.7576,Portrait Photography,0.1421,
test2024-053.jpg,,Nature Photography,review,Nature Photography,0.6117,Portrait Photography,0.3487,
test2024-054.jpg,,Product Photography,review,Product Photography,0.2850,Nature Photography,0.2630,
test2024-055.jpg,,Nature Photography,review,Nature Photography,0.5605,Portrait Photography,0.2649,
test2024-056.jpg,,Street Photography,auto,Street Photography,0.9767,Music Photography,0.0130,
test2024-057.jpg,,Street Photography,review,Street Photography,0.7739,Portrait Photography,0.2163,
test2024-058.jpg,,Nature Photography,auto,Nature Photography,0.9408,Portrait Photography,0.0538,
test2024-059.jpg,,Nature Photography,review,Nature Photography,0.7373,Portrait Photography,0.2062,
test2024-060.jpg,,Portrait Photography,review,Portrait Photography,0.5852,Nature Photography,0.3367,
test2024-061.jpg,,Portrait Photography,review,Portrait Photography,0.5594,Nature Photography,0.3734,
test2024-062.jpg,,Nature Photography,auto,Nature Photography,0.8336,Portrait Photography,0.0921,
test2024-063.jpg,,Nature Photography,review,Nature Photography,0.7219,Portrait Photography,0.2091,
test2024-064.jpg,,Nature Photography,auto,Nature Photography,0.8944,Portrait Photography,0.0944,
test2024-065.jpg,,Street Photography,review,Street Photography,0.7618,Portrait Photography,0.1410,
test2024-066.jpg,,Street Photography,auto,Street Photography,0.9460,Portrait Photography,0.0529,
test2024-067.jpg,,Street Photography,auto,Street Photography,0.8642,Portrait Photography,0.0978,
test2024-068.jpg,,Street Photography,review,Street Photography,0.6123,Music Photography,0.2962,
test2024-069.jpg,,Street Photography,auto,Street Photography,0.8682,Portrait Photography,0.0563,
test2024-070.jpg,,Street Photography,auto,Street Photography,0.8664,Nature Photography,0.0640,
test2024-071.jpg,,Street Photography,review,Street Photography,0.5984,Music Photography,0.1988,
test2024-072.jpg,,Street Photography,review,Street Photography,0.6606,Portrait Photography,0.2832,
test2024-073.jpg,,Street Photography,auto,Street Photography,0.9135,Portrait Photography,0.0590,
test2024-074.jpg,,Street Photography,auto,Street Photography,0.9433,Portrait Photography,0.0545,
test2024-075.jpg,,Portrait Photography,review,Portrait Photography,0.6421,Street Photography,0.2851,
test2024-076.jpg,,Street Photography,review,Street Photography,0.4160,Portrait Photography,0.3351,
test2024-077.jpg,,Portrait Photography,review,Portrait Photography,0.3297,Street Photography,0.2558,
test2024-078.jpg,,Street Photography,auto,Street Photography,0.8884,Nature Photography,0.0941,
test2024-079.jpg,,Nature Photography,review,Nature Photography,0.6175,Street Photography,0.3161,
test2024-080.jpg,,Street Photography,review,Street Photography,0.7436,Nature Photography,0.1443,
test2024-081.jpg,,Nature Photography,review,Nature Photography,0.7384,Portrait Photography,0.1313,
test2024-082.jpg,,Street Photography,review,Street Photography,0.6732,Nature Photography,0.2585,
test2024-083.jpg,,Street Photography,review,Street Photography,0.6885,Portrait Photography,0.2704,
test2024-084.jpg,,Street Photography,review,Street Photography,0.5284,Portrait Photography,0.4074,
test2024-085.jpg,,Street Photography,auto,Street Photography,0.9101,Portrait Photography,0.0893,
test2024-086.jpg,,Street Photography,auto,Street Photography,0.9727,Portrait Photography,0.0261,
test2024-087.jpg,,Street Photography,auto,Street Photography,0.9922,Portrait Photography,0.0074,
test2024-088.jpg,,Street Photography,auto,Street Photography,0.9760,Nature Photography,0.0181,
test2024-089.jpg,,Street Photography,review,Street Photography,0.7033,Nature Photography,0.2631,
test2024-090.jpg,,Nature Photography,auto,Nature Photography,0.9610,Portrait Photography,0.0306,
test2024-091.jpg,,Nature Photography,review,Nature Photography,0.4470,Street Photography,0.3690,
test2024-092.jpg,,Nature Photography,review,Nature Photography,0.7482,Portrait Photography,0.2184,
test2024-093.jpg,,Street Photography,auto,Street Photography,0.8681,Portrait Photography,0.0723,
test2024-094.jpg,,Street Photography,auto,Street Photography,0.8882,Portrait Photography,0.0836,
test2024-095.jpg,,Street Photography,auto,Street Photography,0.9496,Nature Photography,0.0336,
test2024-096.jpg,,Street Photography,review,Street Photography,0.7122,Nature Photography,0.1388,
test2024-097.jpg,,Street Photography,auto,Street Photography,0.8746,Portrait Photography,0.1174,
test2024-098.jpg,,Street Photography,review,Street Photography,0.5803,Portrait Photography,0.2074,
test2024-099.jpg,,Street Photography,auto,Street Photography,0.9964,Portrait Photography,0.0024,
test2024-100.jpg,,Street Photography,auto,Street Photography,0.9601,Portrait Photography,0.0339,
test2024-101.jpg,,Street Photography,auto,Street Photography,0.9937,Portrait Photography,0.0042,
test2024-102.jpg,,Street Photography,auto,Street Photography,0.8484,Portrait Photography,0.1230,
test2024-103.jpg,,Street Photography,auto,Street Photography,0.8231,Portrait Photography,0.1297,
test2024-104.jpg,,Street Photography,review,Street Photography,0.5608,Portrait Photography,0.3369,
test2024-105.jpg,,Street Photography,review,Street Photography,0.6043,Product Photography,0.1423,
test2024-106.jpg,,Nature Photography,auto,Nature Photography,0.8799,Portrait Photography,0.0873,
test2024-107.jpg,,Nature Photography,review,Nature Photography,0.5285,Portrait Photography,0.4293,
test2024-108.jpg,,Portrait Photography,review,Portrait Photography,0.4956,Nature Photography,0.4662,
test2024-109.jpg,,Nature Photography,auto,Nature Photography,0.8380,Portrait Photography,0.0942,
test2024-110.jpg,,Portrait Photography,auto,Portrait Photography,0.8201,Street Photography,0.1710,
test2024-111.jpg,,Portrait Photography,auto,Portrait Photography,0.9318,Street Photography,0.0606,
test2024-112.jpg,,Nature Photography,review,Nature Photography,0.6296,Portrait Photography,0.2871,
test2024-113.jpg,,Portrait Photography,auto,Portrait Photography,0.8851,Nature Photography,0.0606,
test2024-114.jpg,,Portrait Photography,auto,Portrait Photography,0.9336,Music Photography,0.0370,
test2024-115.jpg,,Nature Photography,review,Nature Photography,0.6692,Street Photography,0.3037,
test2024-116.jpg,,Portrait Photography,auto,Portrait Photography,0.8834,Nature Photography,0.0560,
test2024-117.jpg,,Portrait Photography,auto,Portrait Photography,0.8370,Nature Photography,0.0768,
test2024-118.jpg,,Nature Photography,review,Nature Photography,0.6599,Portrait Photography,0.2730,
test2024-119.jpg,,Portrait Photography,review,Portrait Photography,0.5376,Street Photography,0.4336,
test2024-120.jpg,,Nature Photography,auto,Nature Photography,0.9243,Portrait Photography,0.0360,
test2024-121.jpg,,Music Photography,review,Music Photography,0.5330,Portrait Photography,0.4374,
test2024-122.jpg,,Portrait Photography,review,Portrait Photography,0.5134,Music Photography,0.4190,
test2024-123.jpg,,Portrait Photography,review,Portrait Photography,0.6685,Music Photography,0.2640,
test2024-124.jpg,,Portrait Photography,auto,Portrait Photography,0.8578,Music Photography,0.0837,
test2024-125.jpg,,Portrait Photography,auto,Portrait Photography,0.9234,Music Photography,0.0652,
test2024-126.jpg,,Portrait Photography,review,Portrait Photography,0.7805,Music Photography,0.1449,
test2024-127.jpg,,Portrait Photography,auto,Portrait Photography,0.8149,Music Photography,0.1259,
test2024-128.jpg,,Portrait Photography,review,Portrait Photography,0.7377,Music Photography,0.1646,
test2024-129.jpg,,Portrait Photography,auto,Portrait Photography,0.8540,Music Photography,0.0905,
test2024-130.jpg,,Portrait Photography,review,Portrait Photography,0.6629,Music Photography,0.2977,
test2024-131.jpg,,Portrait Photography,review,Portrait Photography,0.6322,Music Photography,0.2561,
test2024-132.jpg,,Portrait Photography,review,Portrait Photography,0.7942,Music Photography,0.1902,
test2024-133.jpg,,Portrait Photography,review,Portrait Photography,0.7380,Music Photography,0.1976,
test2024-134.jpg,,Portrait Photography,review,Portrait Photography,0.6779,Music Photography,0.2174,
test2024-135.jpg,,Music Photography,review,Music Photography,0.5514,Portrait Photography,0.4358,
test2024-136.jpg,,Portrait Photography,auto,Portrait Photography,0.9361,Music Photography,0.0603,
test2024-137.jpg,,Portrait Photography,review,Portrait Photography,0.5890,Music Photography,0.3918,
test2024-138.jpg,,Portrait Photography,auto,Portrait Photography,0.8110,Music Photography,0.1724,
test2024-139.jpg,,Portrait Photography,auto,Portrait Photography,0.8164,Music Photography,0.1102,
test2024-140.jpg,,Portrait Photography,auto,Portrait Photography,0.8176,Product Photography,0.0937,
test2024-141.jpg,,Portrait Photography,auto,Portrait Photography,0.9147,Music Photography,0.0488,
test2024-142.jpg,,Portrait Photography,auto,Portrait Photography,0.8936,Music Photography,0.0763,
test2024-143.jpg,,Portrait Photography,auto,Portrait Photography,0.8054,Music Photography,0.1002,
test2024-144.jpg,,Portrait Photography,review,Portrait Photography,0.7962,Music Photography,0.0856,
test2024-145.jpg,,Portrait Photography,auto,Portrait Photography,0.8945,Music Photography,0.0763,
test2024-146.jpg,,Portrait Photography,auto,Portrait Photography,0.9834,Product Photography,0.0101,
test2024-147.jpg,,Product Photography,review,Product Photography,0.5289,Street Photography,0.1761,
test2024-148.jpg,,Street Photography,auto,Street Photography,0.9914,Portrait Photography,0.0046,
test2024-149.jpg,,Street Photography,auto,Street Photography,0.9894,Music Photography,0.0077,
test2024-150.jpg,,Street Photography,auto,Street Photography,0.9718,Portrait Photography,0.0137,
test2024-151.jpg,,Street Photography,auto,Street Photography,0.9672,Portrait Photography,0.0246,
test2024-152.jpg,,Street Photography,review,Street Photography,0.7789,Portrait Photography,0.1487,
test2024-153.jpg,,Street Photography,auto,Street Photography,0.8135,Nature Photography,0.0827,
test2024-154.jpg,,Street Photography,auto,Street Photography,0.9858,Portrait Photography,0.0098,
test2024-155.jpg,,Street Photography,auto,Street Photography,0.9812,Portrait Photography,0.0129,
test2024-156.jpg,,Street Photography,auto,Street Photography,0.8580,Nature Photography,0.0798,
test2024-157.jpg,,Street Photography,review,Street Photography,0.4477,Music Photography,0.3301,
test2024-158.jpg,,Nature Photography,review,Nature Photography,0.5133,Portrait Photography,0.2142,
test2024-159.jpg,,Street Photography,auto,Street Photography,0.9924,Portrait Photography,0.0067,
test2024-160.jpg,,Music Photography,auto,Music Photography,0.9796,Street Photography,0.0144,
test2024-161.jpg,,Music Photography,auto,Music Photography,0.9646,Portrait Photography,0.0237,
test2024-162.jpg,,Music Photography,auto,Music Photography,0.9820,Portrait Photography,0.0138,
test2024-163.jpg,,Music Photography,auto,Music Photography,0.9434,Portrait Photography,0.0544,
test2024-164.jpg,,Street Photography,review,Street Photography,0.6509,Portrait Photography,0.2886,
test2024-165.jpg,,Music Photography,auto,Music Photography,0.9294,Street Photography,0.0585,
test2024-166.jpg,,Music Photography,auto,Music Photography,0.9900,Portrait Photography,0.0058,
test2024-167.jpg,,Music Photography,auto,Music Photography,0.9606,Portrait Photography,0.0339,
test2024-168.jpg,,Portrait Photography,review,Portrait Photography,0.6912,Street Photography,0.1873,
test2024-169.jpg,,Music Photography,auto,Music Photography,0.9674,Portrait Photography,0.0196,
test2024-170.jpg,,Music Photography,review,Music Photography,0.6923,Street Photography,0.1942,
test2024-171.jpg,,Music Photography,auto,Music Photography,0.9970,Portrait Photography,0.0026,
test2024-172.jpg,,Music Photography,auto,Music Photography,0.9722,Portrait Photography,0.0262,
test2024-173.jpg,,Music Photography,auto,Music Photography,0.9972,Portrait Photography,0.0025,
test2024-174.jpg,,Portrait Photography,auto,Portrait Photography,0.9686,Street Photography,0.0191,
test2024-175.jpg,,Product Photography,review,Product Photography,0.5971,Portrait Photography,0.3785,
test2024-176.jpg,,Street Photography,auto,Street Photography,0.9521,Portrait Photography,0.0425,
test2024-177.jpg,,Street Photography,review,Street Photography,0.5867,Portrait Photography,0.2769,
test2024-178.jpg,,Street Photography,review,Street Photography,0.7566,Nature Photography,0.2257,
test2024-179.jpg,,Product Photography,auto,Product Photography,0.9862,Music Photography,0.0066,
test2024-180.jpg,,Product Photography,auto,Product Photography,0.9864,Portrait Photography,0.0067,
test2024-181.jpg,,Product Photography,auto,Product Photography,0.8997,Portrait Photography,0.0878,
test2024-182.jpg,,Product Photography,auto,Product Photography,0.9586,Portrait Photography,0.0286,
test2024-183.jpg,,Product Photography,auto,Product Photography,0.9607,Portrait Photography,0.0259,
test2024-184.jpg,,Product Photography,auto,Product Photography,0.9937,Portrait Photography,0.0034,
test2024-185.jpg,,Product Photography,auto,Product Photography,0.9038,Street Photography,0.0928,
test2024-186.jpg,,Product Photography,auto,Product Photography,0.9101,Street Photography,0.0423,
test2024-187.jpg,,Product Photography,auto,Product Photography,0.9601,Portrait Photography,0.0202,
test2024-188.jpg,,Product Photography,auto,Product Photography,0.9994,Portrait Photography,0.0003,
test2024-189.jpg,,Product Photography,auto,Product Photography,0.9975,Nature Photography,0.0011,
test2024-190.jpg,,Product Photography,auto,Product Photography,0.9919,Nature Photography,0.0028,
test2024-191.jpg,,Product Photography,auto,Product Photography,0.9966,Nature Photography,0.0016,
test2024-192.jpg,,Product Photography,auto,Product Photography,0.9948,Street Photography,0.0028,
test2024-193.jpg,,Product Photography,auto,Product Photography,0.9969,Street Photography,0.0013,
test2024-194.jpg,,Product Photography,auto,Product Photography,0.9880,Nature Photography,0.0053,
test2024-195.jpg,,Product Photography,auto,Product Photography,0.9681,Street Photography,0.0122,
test2024-196.jpg,,Product Photography,auto,Product Photography,0.9981,Portrait Photography,0.0006,
test2024-197.jpg,,Product Photography,review,Product Photography,0.7770,Music Photography,0.1789,
test2024-198.jpg,,Product Photography,auto,Product Photography,0.8963,Portrait Photography,0.0471,
test2024-199.jpg,,Product Photography,auto,Product Photography,0.9952,Street Photography,0.0019,
test2024-200.jpg,,Product Photography,auto,Product Photography,0.9463,Music Photography,0.0232,
test2024-201.jpg,,Product Photography,auto,Product Photography,0.9990,Music Photography,0.0005,
test2024-202.jpg,,Product Photography,auto,Product Photography,0.9969,Music Photography,0.0013,
test2024-203.jpg,,Product Photography,auto,Product Photography,0.9886,Portrait Photography,0.0064,
test2024-204.jpg,,Product Photography,auto,Product Photography,0.9431,Portrait Photography,0.0459,
test2024-205.jpg,,Product Photography,auto,Product Photography,0.9930,Portrait Photography,0.0031,
test2024-206.jpg,,Product Photography,auto,Product Photography,0.9995,Music Photography,0.0002,
test2024-207.jpg,,Product Photography,auto,Product Photography,0.9877,Portrait Photography,0.0065,
test2024-208.jpg,,Product Photography,auto,Product Photography,0.9935,Street Photography,0.0036,
test2024-209.jpg,,Product Photography,review,Product Photography,0.5627,Street Photography,0.2842,
test2024-210.jpg,,Product Photography,review,Product Photography,0.7725,Street Photography,0.1471,
test2024-211.jpg,,Product Photography,review,Product Photography,0.4078,Street Photography,0.3933,
test2024-212.jpg,,Street Photography,review,Street Photography,0.6288,Product Photography,0.2555,
test2024-213.jpg,,Street Photography,review,Street Photography,0.4732,Product Photography,0.3747,
test2024-214.jpg,,Street Photography,review,Street Photography,0.7171,Product Photography,0.2631,
test2024-215.jpg,,Street Photography,review,Street Photography,0.5360,Product Photography,0.4216,
test2024-216.jpg,,Music Photography,review,Music Photography,0.4697,Product Photography,0.4180,
test2024-217.jpg,,Music Photography,review,Music Photography,0.6274,Product Photography,0.3245,
test2024-218.jpg,,Portrait Photography,auto,Portrait Photography,0.9044,Nature Photography,0.0717,
test2024-219.jpg,,Portrait Photography,auto,Portrait Photography,0.9902,Street Photography,0.0032,
test2024-220.jpg,,Portrait Photography,auto,Portrait Photography,0.8107,Street Photography,0.1241,
test2024-221.jpg,,Portrait Photography,review,Portrait Photography,0.4655,Street Photography,0.3856,
test2024-222.jpg,,Portrait Photography,review,Portrait Photography,0.5494,Street Photography,0.1974,
test2024-223.jpg,,Portrait Photography,auto,Portrait Photography,0.8247,Street Photography,0.1394,
test2024-224.jpg,,Portrait Photography,auto,Portrait Photography,0.8469,Street Photography,0.1255,
test2024-225.jpg,,Portrait Photography,auto,Portrait Photography,0.9075,Nature Photography,0.0566,
test2024-226.jpg,,Portrait Photography,auto,Portrait Photography,0.9023,Nature Photography,0.0640,
test2024-227.jpg,,Portrait Photography,auto,Portrait Photography,0.8892,Nature Photography,0.0723,
test2024-228.jpg,,Portrait Photography,auto,Portrait Photography,0.8410,Street Photography,0.1198,
test2024-229.jpg,,Portrait Photography,auto,Portrait Photography,0.9834,Street Photography,0.0057,
test2024-230.jpg,,Portrait Photography,auto,Portrait Photography,0.9276,Street Photography,0.0459,
test2024-231.jpg,,Portrait Photography,review,Portrait Photography,0.7382,Street Photography,0.1181,
test2024-232.jpg,,Portrait Photography,auto,Portrait Photography,0.8593,Street Photography,0.1046,
test2024-233.jpg,,Portrait Photography,review,Portrait Photography,0.7911,Street Photography,0.1506,
test2024-234.jpg,,Portrait Photography,review,Portrait Photography,0.5679,Music Photography,0.3025,
test2024-235.jpg,,Portrait Photography,review,Portrait Photography,0.7468,Street Photography,0.1883,
test2024-236.jpg,,Music Photography,review,Music Photography,0.5587,Portrait Photography,0.3686,
test2024-237.jpg,,Portrait Photography,auto,Portrait Photography,0.8093,Street Photography,0.1421,
test2024-238.jpg,,Portrait Photography,auto,Portrait Photography,0.8356,Street Photography,0.1292,
test2024-239.jpg,,Portrait Photography,auto,Portrait Photography,0.8620,Music Photography,0.0830,
test2024-240.jpg,,Portrait Photography,review,Portrait Photography,0.5721,Street Photography,0.2707,
test2024-241.jpg,,Portrait Photography,auto,Portrait Photography,0.9683,Street Photography,0.0130,
test2024-242.jpg,,Portrait Photography,review,Portrait Photography,0.7689,Music Photography,0.1434,
test2024-243.jpg,,Music Photography,review,Music Photography,0.7299,Portrait Photography,0.2632,
test2024-244.jpg,,Product Photography,review,Product Photography,0.7574,Portrait Photography,0.1994,
test2024-245.jpg,,Portrait Photography,auto,Portrait Photography,0.8468,Street Photography,0.0809,
test2024-246.jpg,,Portrait Photography,review,Portrait Photography,0.7447,Product Photography,0.1934,
test2024-247.jpg,,Portrait Photography,review,Portrait Photography,0.4581,Street Photography,0.4488,
test2024-248.jpg,,Portrait Photography,review,Portrait Photography,0.7561,Street Photography,0.1266,
test2024-249.jpg,,Portrait Photography,auto,Portrait Photography,0.9668,Street Photography,0.0133,
test2024-250.jpg,,Portrait Photography,auto,Portrait Photography,0.9146,Nature Photography,0.0295,
test2024-251.jpg,,Product Photography,review,Product Photography,0.3419,Portrait Photography,0.3313,
test2024-252.jpg,,Music Photography,review,Music Photography,0.4375,Product Photography,0.2431,
test2024-253.jpg,,Music Photography,review,Music Photography,0.5397,Street Photography,0.2906,
test2024-254.jpg,,Portrait Photography,review,Portrait Photography,0.4725,Product Photography,0.2422,
test2024-255.jpg,,Portrait Photography,auto,Portrait Photography,0.8295,Street Photography,0.1476,
test2024-256.jpg,,Portrait Photography,auto,Portrait Photography,0.8488,Street Photography,0.0785,
test2024-257.jpg,,Portrait Photography,auto,Portrait Photography,0.9310,Street Photography,0.0436,
test2024-258.jpg,,Portrait Photography,review,Portrait Photography,0.7394,Street Photography,0.2084,
test2024-259.jpg,,Music Photography,auto,Music Photography,0.9601,Portrait Photography,0.0318,
test2024-260.jpg,,Music Photography,review,Music Photography,0.7178,Portrait Photography,0.2092,
test2024-261.jpg,,Music Photography,review,Music Photography,0.7312,Portrait Photography,0.2352,
test2024-262.jpg,,Music Photography,review,Music Photography,0.6834,Street Photography,0.2089,
test2024-263.jpg,,Music Photography,auto,Music Photography,0.9629,Portrait Photography,0.0216,
test2024-264.jpg,,Music Photography,review,Music Photography,0.5407,Street Photography,0.3351,
test2024-265.jpg,,Product Photography,auto,Product Photography,0.9936,Street Photography,0.0026,
test2024-266.jpg,,Product Photography,auto,Product Photography,0.9713,Portrait Photography,0.0214,
test2024-267.jpg,,Product Photography,auto,Product Photography,0.9988,Portrait Photography,0.0007,
test2024-268.jpg,,Nature Photography,auto,Nature Photography,0.9747,Portrait Photography,0.0174,
test2024-269.jpg,,Nature Photography,auto,Nature Photography,0.8435,Portrait Photography,0.1329,
test2024-270.jpg,,Product Photography,auto,Product Photography,0.9713,Portrait Photography,0.0124,
test2024-271.jpg,,Product Photography,auto,Product Photography,0.9899,Nature Photography,0.0036,
test2024-272.jpg,,Product Photography,auto,Product Photography,0.9888,Portrait Photography,0.0051,
test2024-273.jpg,,Product Photography,review,Product Photography,0.3673,Portrait Photography,0.3610,
test2024-274.jpg,,Street Photography,review,Street Photography,0.5536,Portrait Photography,0.3718,
