filename,true_label,predicted_label,confidence,top2_alternative,review_status
city\city (1).webp,Street Photography,Street Photography,0.9500,Nature Photography,auto
city\city (10).webp,Street Photography,Street Photography,0.9500,Portraits Photography,auto
city\city (11).webp,Street Photography,Street Photography,0.9500,Nature Photography,auto
city\city (12).webp,Street Photography,Street Photography,0.9500,Nature Photography,auto
city\city (13).webp,Street Photography,Street Photography,0.7943,Portraits Photography,review
city\city (14).webp,Street Photography,Street Photography,0.8061,Portraits Photography,auto
city\city (15).webp,Street Photography,Street Photography,0.9500,Portraits Photography,auto
city\city (16).webp,Street Photography,Portraits Photography,0.5807,Product Photography,review
city\city (17).webp,Street Photography,Portraits Photography,0.5121,Street Photography,skip
city\city (18).webp,Street Photography,Street Photography,0.9500,Portraits Photography,auto
city\city (19).webp,Street Photography,Street Photography,0.9458,Nature Photography,auto
city\city (2).webp,Street Photography,Street Photography,0.5217,Nature Photography,skip
city\city (20).webp,Street Photography,Street Photography,0.9500,Portraits Photography,auto
city\city (21).webp,Street Photography,Street Photography,0.9500,Nature Photography,auto
city\city (22).webp,Street Photography,Street Photography,0.7892,Portraits Photography,review
city\city (23).webp,Street Photography,Nature Photography,0.4979,Street Photography,skip
city\city (24).webp,Street Photography,Street Photography,0.7823,Nature Photography,review
city\city (25).webp,Street Photography,Street Photography,0.9500,Portraits Photography,auto
city\city (26).webp,Street Photography,Street Photography,0.6664,Product Photography,review
city\city (27).webp,Street Photography,Street Photography,0.9500,Nature Photography,auto
city\city (28).webp,Street Photography,Street Photography,0.7551,Nature Photography,review
city\city (29).webp,Street Photography,Street Photography,0.8791,Concert Photography,auto
city\city (3).webp,Street Photography,Street Photography,0.8681,Nature Photography,auto
city\city (30).webp,Street Photography,Street Photography,0.9176,Nature Photography,auto
city\city (31).webp,Street Photography,Street Photography,0.8695,Portraits Photography,auto
city\city (32).webp,Street Photography,Street Photography,0.9500,Nature Photography,auto
city\city (33).webp,Street Photography,Street Photography,0.8662,Nature Photography,auto
city\city (34).webp,Street Photography,Street Photography,0.9500,Nature Photography,auto
city\city (35).webp,Street Photography,Street Photography,0.8715,Nature Photography,auto
city\city (36).webp,Street Photography,Street Photography,0.4058,Nature Photography,skip
city\city (37).webp,Street Photography,Street Photography,0.9456,Product Photography,auto
city\city (38).webp,Street Photography,Street Photography,0.6088,Nature Photography,review
city\city (39).webp,Street Photography,Street Photography,0.9231,Portraits Photography,auto
city\city (4).webp,Street Photography,Street Photography,0.5601,Nature Photography,review
city\city (5).webp,Street Photography,Street Photography,0.9353,Nature Photography,auto
city\city (6).webp,Street Photography,Street Photography,0.6994,Nature Photography,review
city\city (7).webp,Street Photography,Street Photography,0.8438,Nature Photography,auto
city\city (8).webp,Street Photography,Street Photography,0.9466,Product Photography,auto
city\city (9).webp,Street Photography,Street Photography,0.9500,Nature Photography,auto
concert\concert (1).webp,Concert Photography,Concert Photography,0.9500,Portraits Photography,auto
concert\concert (10).webp,Concert Photography,Concert Photography,0.9500,Portraits Photography,auto
concert\concert (11).webp,Concert Photography,Concert Photography,0.9500,Portraits Photography,auto
concert\concert (12).webp,Concert Photography,Concert Photography,0.9500,Portraits Photography,auto
concert\concert (13).webp,Concert Photography,Concert Photography,0.9500,Portraits Photography,auto
concert\concert (14).webp,Concert Photography,Concert Photography,0.9500,Portraits Photography,auto
concert\concert (15).webp,Concert Photography,Concert Photography,0.9500,Portraits Photography,auto
concert\concert (16).webp,Concert Photography,Concert Photography,0.9500,Portraits Photography,auto
concert\concert (17).webp,Concert Photography,Concert Photography,0.9500,Portraits Photography,auto
concert\concert (18).webp,Concert Photography,Concert Photography,0.9467,Portraits Photography,auto
concert\concert (19).webp,Concert Photography,Concert Photography,0.9500,Portraits Photography,auto
concert\concert (2).webp,Concert Photography,Concert Photography,0.9500,Portraits Photography,auto
concert\concert (20).webp,Concert Photography,Concert Photography,0.6977,Product Photography,review
concert\concert (21).webp,Concert Photography,Concert Photography,0.7049,Portraits Photography,review
concert\concert (22).webp,Concert Photography,Concert Photography,0.9500,Portraits Photography,auto
concert\concert (23).webp,Concert Photography,Concert Photography,0.9500,Portraits Photography,auto
concert\concert (24).webp,Concert Photography,Concert Photography,0.9500,Portraits Photography,auto
concert\concert (25).webp,Concert Photography,Concert Photography,0.9079,Portraits Photography,auto
concert\concert (26).webp,Concert Photography,Concert Photography,0.9500,Portraits Photography,auto
concert\concert (27).webp,Concert Photography,Concert Photography,0.9500,Portraits Photography,auto
concert\concert (28).webp,Concert Photography,Concert Photography,0.9500,Portraits Photography,auto
concert\concert (29).webp,Concert Photography,Concert Photography,0.9500,Portraits Photography,auto
concert\concert (3).webp,Concert Photography,Concert Photography,0.9500,Portraits Photography,auto
concert\concert (30).webp,Concert Photography,Concert Photography,0.9500,Portraits Photography,auto
concert\concert (31).webp,Concert Photography,Concert Photography,0.9500,Portraits Photography,auto
concert\concert (32).webp,Concert Photography,Concert Photography,0.9500,Portraits Photography,auto
concert\concert (33).webp,Concert Photography,Concert Photography,0.9500,Portraits Photography,auto
concert\concert (34).webp,Concert Photography,Concert Photography,0.9500,Portraits Photography,auto
concert\concert (35).webp,Concert Photography,Concert Photography,0.9500,Portraits Photography,auto
concert\concert (36).webp,Concert Photography,Concert Photography,0.9500,Portraits Photography,auto
concert\concert (37).webp,Concert Photography,Concert Photography,0.9500,Portraits Photography,auto
concert\concert (38).webp,Concert Photography,Concert Photography,0.9500,Portraits Photography,auto
concert\concert (39).webp,Concert Photography,Concert Photography,0.9500,Portraits Photography,auto
concert\concert (4).webp,Concert Photography,Concert Photography,0.9500,Portraits Photography,auto
concert\concert (40).webp,Concert Photography,Concert Photography,0.9500,Portraits Photography,auto
concert\concert (41).webp,Concert Photography,Concert Photography,0.9500,Portraits Photography,auto
concert\concert (42).webp,Concert Photography,Concert Photography,0.9500,Portraits Photography,auto
concert\concert (43).webp,Concert Photography,Concert Photography,0.9500,Portraits Photography,auto
concert\concert (44).webp,Concert Photography,Concert Photography,0.9500,Portraits Photography,auto
concert\concert (45).webp,Concert Photography,Concert Photography,0.9500,Portraits Photography,auto
concert\concert (46).webp,Concert Photography,Concert Photography,0.9500,Portraits Photography,auto
concert\concert (47).webp,Concert Photography,Concert Photography,0.9500,Street Photography,auto
concert\concert (48).webp,Concert Photography,Concert Photography,0.9481,Portraits Photography,auto
concert\concert (49).webp,Concert Photography,Concert Photography,0.8839,Portraits Photography,auto
concert\concert (5).webp,Concert Photography,Concert Photography,0.9500,Portraits Photography,auto
concert\concert (50).webp,Concert Photography,Concert Photography,0.9500,Street Photography,auto
concert\concert (51).webp,Concert Photography,Concert Photography,0.9500,Portraits Photography,auto
concert\concert (52).webp,Concert Photography,Concert Photography,0.9500,Portraits Photography,auto
concert\concert (53).webp,Concert Photography,Concert Photography,0.9500,Portraits Photography,auto
concert\concert (54).webp,Concert Photography,Concert Photography,0.9500,Street Photography,auto
concert\concert (55).webp,Concert Photography,Concert Photography,0.9500,Portraits Photography,auto
concert\concert (56).webp,Concert Photography,Concert Photography,0.9358,Portraits Photography,auto
concert\concert (57).webp,Concert Photography,Concert Photography,0.9500,Portraits Photography,auto
concert\concert (58).webp,Concert Photography,Concert Photography,0.8682,Portraits Photography,auto
concert\concert (59).webp,Concert Photography,Concert Photography,0.9500,Portraits Photography,auto
concert\concert (6).webp,Concert Photography,Concert Photography,0.9500,Portraits Photography,auto
concert\concert (60).webp,Concert Photography,Concert Photography,0.9500,Portraits Photography,auto
concert\concert (61).webp,Concert Photography,Concert Photography,0.9500,Portraits Photography,auto
concert\concert (62).webp,Concert Photography,Portraits Photography,0.5585,Concert Photography,review
concert\concert (63).webp,Concert Photography,Concert Photography,0.9500,Portraits Photography,auto
concert\concert (64).webp,Concert Photography,Concert Photography,0.9500,Portraits Photography,auto
concert\concert (65).webp,Concert Photography,Concert Photography,0.9500,Portraits Photography,auto
concert\concert (66).webp,Concert Photography,Concert Photography,0.9500,Portraits Photography,auto
concert\concert (67).webp,Concert Photography,Concert Photography,0.9500,Portraits Photography,auto
concert\concert (68).webp,Concert Photography,Concert Photography,0.9500,Portraits Photography,auto
concert\concert (69).webp,Concert Photography,Portraits Photography,0.6438,Concert Photography,review
concert\concert (7).webp,Concert Photography,Concert Photography,0.9500,Portraits Photography,auto
concert\concert (70).webp,Concert Photography,Concert Photography,0.9500,Portraits Photography,auto
concert\concert (71).webp,Concert Photography,Concert Photography,0.9500,Portraits Photography,auto
concert\concert (72).webp,Concert Photography,Concert Photography,0.8787,Portraits Photography,auto
concert\concert (73).webp,Concert Photography,Concert Photography,0.9500,Portraits Photography,auto
concert\concert (74).webp,Concert Photography,Concert Photography,0.9500,Portraits Photography,auto
concert\concert (75).webp,Concert Photography,Concert Photography,0.9500,Street Photography,auto
concert\concert (76).webp,Concert Photography,Concert Photography,0.9500,Street Photography,auto
concert\concert (77).webp,Concert Photography,Concert Photography,0.9500,Portraits Photography,auto
concert\concert (78).webp,Concert Photography,Concert Photography,0.8052,Portraits Photography,auto
concert\concert (79).webp,Concert Photography,Concert Photography,0.9500,Portraits Photography,auto
concert\concert (8).webp,Concert Photography,Concert Photography,0.9500,Portraits Photography,auto
concert\concert (80).webp,Concert Photography,Concert Photography,0.9500,Portraits Photography,auto
concert\concert (81).webp,Concert Photography,Concert Photography,0.9500,Street Photography,auto
concert\concert (82).webp,Concert Photography,Concert Photography,0.9500,Portraits Photography,auto
concert\concert (83).webp,Concert Photography,Concert Photography,0.9500,Portraits Photography,auto
concert\concert (84).webp,Concert Photography,Concert Photography,0.9500,Portraits Photography,auto
concert\concert (85).webp,Concert Photography,Concert Photography,0.9500,Portraits Photography,auto
concert\concert (86).webp,Concert Photography,Concert Photography,0.8779,Portraits Photography,auto
concert\concert (87).webp,Concert Photography,Concert Photography,0.9500,Portraits Photography,auto
concert\concert (88).webp,Concert Photography,Concert Photography,0.9500,Portraits Photography,auto
concert\concert (89).webp,Concert Photography,Concert Photography,0.9500,Portraits Photography,auto
concert\concert (9).webp,Concert Photography,Concert Photography,0.9500,Portraits Photography,auto
concert\concert (90).webp,Concert Photography,Concert Photography,0.9500,Portraits Photography,auto
concert\concert (91).webp,Concert Photography,Concert Photography,0.9500,Portraits Photography,auto
concert\concert (92).webp,Concert Photography,Concert Photography,0.9500,Portraits Photography,auto
concert\concert (93).webp,Concert Photography,Concert Photography,0.9001,Portraits Photography,auto
concert\concert (94).webp,Concert Photography,Concert Photography,0.9500,Portraits Photography,auto
concert\concert (95).webp,Concert Photography,Concert Photography,0.9500,Portraits Photography,auto
concert\concert (96).webp,Concert Photography,Concert Photography,0.9500,Portraits Photography,auto
nature\nature (1).webp,Nature Photography,Nature Photography,0.9084,Street Photography,auto
nature\nature (10).webp,Nature Photography,Nature Photography,0.9500,Portraits Photography,auto
nature\nature (11).webp,Nature Photography,Nature Photography,0.8564,Portraits Photography,auto
nature\nature (12).webp,Nature Photography,Nature Photography,0.5048,Street Photography,skip
nature\nature (13).webp,Nature Photography,Nature Photography,0.9500,Street Photography,auto
nature\nature (14).webp,Nature Photography,Nature Photography,0.9144,Portraits Photography,auto
nature\nature (15).webp,Nature Photography,Nature Photography,0.8924,Portraits Photography,auto
nature\nature (16).webp,Nature Photography,Nature Photography,0.6720,Portraits Photography,review
nature\nature (17).webp,Nature Photography,Nature Photography,0.6902,Portraits Photography,review
nature\nature (18).webp,Nature Photography,Nature Photography,0.8444,Portraits Photography,auto
nature\nature (19).webp,Nature Photography,Nature Photography,0.8675,Portraits Photography,auto
nature\nature (2).webp,Nature Photography,Nature Photography,0.5968,Street Photography,review
nature\nature (20).webp,Nature Photography,Portraits Photography,0.6270,Nature Photography,review
nature\nature (21).webp,Nature Photography,Nature Photography,0.4771,Portraits Photography,skip
nature\nature (22).webp,Nature Photography,Nature Photography,0.8356,Portraits Photography,auto
nature\nature (23).webp,Nature Photography,Nature Photography,0.8894,Portraits Photography,auto
nature\nature (24).webp,Nature Photography,Portraits Photography,0.5643,Nature Photography,review
nature\nature (25).webp,Nature Photography,Nature Photography,0.6901,Portraits Photography,review
nature\nature (26).webp,Nature Photography,Nature Photography,0.8721,Portraits Photography,auto
nature\nature (27).webp,Nature Photography,Nature Photography,0.5655,Portraits Photography,review
nature\nature (28).webp,Nature Photography,Nature Photography,0.8976,Street Photography,auto
nature\nature (29).webp,Nature Photography,Nature Photography,0.9500,Portraits Photography,auto
nature\nature (3).webp,Nature Photography,Nature Photography,0.7465,Portraits Photography,review
nature\nature (30).webp,Nature Photography,Nature Photography,0.9161,Portraits Photography,auto
nature\nature (31).webp,Nature Photography,Nature Photography,0.9233,Portraits Photography,auto
nature\nature (32).webp,Nature Photography,Nature Photography,0.7927,Portraits Photography,review
nature\nature (33).webp,Nature Photography,Nature Photography,0.8701,Street Photography,auto
nature\nature (34).webp,Nature Photography,Nature Photography,0.9500,Portraits Photography,auto
nature\nature (35).webp,Nature Photography,Nature Photography,0.9500,Portraits Photography,auto
nature\nature (36).webp,Nature Photography,Nature Photography,0.9489,Portraits Photography,auto
nature\nature (37).webp,Nature Photography,Nature Photography,0.9500,Portraits Photography,auto
nature\nature (38).webp,Nature Photography,Nature Photography,0.9469,Portraits Photography,auto
nature\nature (39).webp,Nature Photography,Nature Photography,0.9500,Portraits Photography,auto
nature\nature (4).webp,Nature Photography,Nature Photography,0.9369,Street Photography,auto
nature\nature (40).webp,Nature Photography,Nature Photography,0.9500,Portraits Photography,auto
nature\nature (41).webp,Nature Photography,Nature Photography,0.6919,Portraits Photography,review
nature\nature (42).webp,Nature Photography,Nature Photography,0.8458,Portraits Photography,auto
nature\nature (43).webp,Nature Photography,Nature Photography,0.5342,Portraits Photography,skip
nature\nature (44).webp,Nature Photography,Street Photography,0.4952,Portraits Photography,skip
nature\nature (45).webp,Nature Photography,Portraits Photography,0.9500,Nature Photography,auto
nature\nature (46).webp,Nature Photography,Nature Photography,0.4721,Portraits Photography,skip
nature\nature (47).webp,Nature Photography,Nature Photography,0.8605,Portraits Photography,auto
nature\nature (48).webp,Nature Photography,Nature Photography,0.9500,Portraits Photography,auto
nature\nature (49).webp,Nature Photography,Nature Photography,0.6864,Portraits Photography,review
nature\nature (5).webp,Nature Photography,Nature Photography,0.8719,Portraits Photography,auto
nature\nature (50).webp,Nature Photography,Nature Photography,0.8705,Portraits Photography,auto
nature\nature (51).webp,Nature Photography,Nature Photography,0.9349,Portraits Photography,auto
nature\nature (52).webp,Nature Photography,Nature Photography,0.9500,Portraits Photography,auto
nature\nature (53).webp,Nature Photography,Nature Photography,0.6936,Portraits Photography,review
nature\nature (54).webp,Nature Photography,Portraits Photography,0.9500,Nature Photography,auto
nature\nature (55).webp,Nature Photography,Nature Photography,0.6537,Portraits Photography,review
nature\nature (56).webp,Nature Photography,Nature Photography,0.6559,Portraits Photography,review
nature\nature (57).webp,Nature Photography,Nature Photography,0.9500,Portraits Photography,auto
nature\nature (58).webp,Nature Photography,Nature Photography,0.9355,Portraits Photography,auto
nature\nature (6).webp,Nature Photography,Nature Photography,0.8177,Portraits Photography,auto
nature\nature (7).webp,Nature Photography,Nature Photography,0.8594,Portraits Photography,auto
nature\nature (8).webp,Nature Photography,Nature Photography,0.8292,Portraits Photography,auto
nature\nature (9).webp,Nature Photography,Nature Photography,0.9136,Portraits Photography,auto
portraits\portraits (1).webp,Portraits Photography,Portraits Photography,0.8293,Product Photography,auto
portraits\portraits (10).webp,Portraits Photography,Portraits Photography,0.6476,Product Photography,review
portraits\portraits (100).webp,Portraits Photography,Portraits Photography,0.9090,Concert Photography,auto
portraits\portraits (101).webp,Portraits Photography,Portraits Photography,0.9467,Product Photography,auto
portraits\portraits (102).webp,Portraits Photography,Portraits Photography,0.9496,Product Photography,auto
portraits\portraits (103).webp,Portraits Photography,Portraits Photography,0.8577,Product Photography,auto
portraits\portraits (104).webp,Portraits Photography,Portraits Photography,0.9375,Product Photography,auto
portraits\portraits (105).webp,Portraits Photography,Portraits Photography,0.6825,Concert Photography,review
portraits\portraits (106).webp,Portraits Photography,Portraits Photography,0.9390,Concert Photography,auto
portraits\portraits (107).webp,Portraits Photography,Portraits Photography,0.8624,Concert Photography,auto
portraits\portraits (108).webp,Portraits Photography,Portraits Photography,0.7973,Product Photography,review
portraits\portraits (109).webp,Portraits Photography,Portraits Photography,0.8894,Concert Photography,auto
portraits\portraits (11).webp,Portraits Photography,Portraits Photography,0.7918,Product Photography,review
portraits\portraits (110).webp,Portraits Photography,Portraits Photography,0.8591,Concert Photography,auto
portraits\portraits (12).webp,Portraits Photography,Portraits Photography,0.6129,Product Photography,review
portraits\portraits (13).webp,Portraits Photography,Portraits Photography,0.8645,Product Photography,auto
portraits\portraits (14).webp,Portraits Photography,Portraits Photography,0.6074,Product Photography,review
portraits\portraits (15).webp,Portraits Photography,Portraits Photography,0.7235,Product Photography,review
portraits\portraits (16).webp,Portraits Photography,Product Photography,0.4643,Portraits Photography,skip
portraits\portraits (17).webp,Portraits Photography,Portraits Photography,0.4930,Product Photography,skip
portraits\portraits (18).webp,Portraits Photography,Portraits Photography,0.7647,Product Photography,review
portraits\portraits (19).webp,Portraits Photography,Portraits Photography,0.7656,Product Photography,review
portraits\portraits (2).webp,Portraits Photography,Portraits Photography,0.9431,Product Photography,auto
portraits\portraits (20).webp,Portraits Photography,Portraits Photography,0.6811,Product Photography,review
portraits\portraits (21).webp,Portraits Photography,Portraits Photography,0.6075,Product Photography,review
portraits\portraits (22).webp,Portraits Photography,Portraits Photography,0.8074,Product Photography,auto
portraits\portraits (23).webp,Portraits Photography,Concert Photography,0.8169,Portraits Photography,auto
portraits\portraits (24).webp,Portraits Photography,Portraits Photography,0.6939,Concert Photography,review
portraits\portraits (25).webp,Portraits Photography,Portraits Photography,0.4594,Product Photography,skip
portraits\portraits (26).webp,Portraits Photography,Portraits Photography,0.4521,Concert Photography,skip
portraits\portraits (27).webp,Portraits Photography,Portraits Photography,0.4404,Concert Photography,skip
portraits\portraits (28).webp,Portraits Photography,Portraits Photography,0.9475,Concert Photography,auto
portraits\portraits (29).webp,Portraits Photography,Portraits Photography,0.5984,Product Photography,review
portraits\portraits (3).webp,Portraits Photography,Portraits Photography,0.9245,Product Photography,auto
portraits\portraits (30).webp,Portraits Photography,Portraits Photography,0.8842,Concert Photography,auto
portraits\portraits (31).webp,Portraits Photography,Portraits Photography,0.9360,Nature Photography,auto
portraits\portraits (32).webp,Portraits Photography,Portraits Photography,0.9500,Nature Photography,auto
portraits\portraits (33).webp,Portraits Photography,Portraits Photography,0.9500,Nature Photography,auto
portraits\portraits (34).webp,Portraits Photography,Portraits Photography,0.9493,Street Photography,auto
portraits\portraits (35).webp,Portraits Photography,Portraits Photography,0.9141,Street Photography,auto
portraits\portraits (36).webp,Portraits Photography,Portraits Photography,0.9500,Street Photography,auto
portraits\portraits (37).webp,Portraits Photography,Portraits Photography,0.8845,Street Photography,auto
portraits\portraits (38).webp,Portraits Photography,Portraits Photography,0.9310,Nature Photography,auto
portraits\portraits (39).webp,Portraits Photography,Portraits Photography,0.6751,Product Photography,review
portraits\portraits (4).webp,Portraits Photography,Portraits Photography,0.9500,Product Photography,auto
portraits\portraits (40).webp,Portraits Photography,Portraits Photography,0.6547,Product Photography,review
portraits\portraits (41).webp,Portraits Photography,Portraits Photography,0.9500,Nature Photography,auto
portraits\portraits (42).webp,Portraits Photography,Portraits Photography,0.9500,Street Photography,auto
portraits\portraits (43).webp,Portraits Photography,Portraits Photography,0.6988,Product Photography,review
portraits\portraits (44).webp,Portraits Photography,Portraits Photography,0.9500,Product Photography,auto
portraits\portraits (45).webp,Portraits Photography,Portraits Photography,0.8250,Street Photography,auto
portraits\portraits (46).webp,Portraits Photography,Portraits Photography,0.9500,Product Photography,auto
portraits\portraits (47).webp,Portraits Photography,Portraits Photography,0.9500,Street Photography,auto
portraits\portraits (48).webp,Portraits Photography,Portraits Photography,0.7177,Street Photography,review
portraits\portraits (49).webp,Portraits Photography,Portraits Photography,0.9500,Street Photography,auto
portraits\portraits (5).webp,Portraits Photography,Portraits Photography,0.8897,Product Photography,auto
portraits\portraits (50).webp,Portraits Photography,Portraits Photography,0.9500,Street Photography,auto
portraits\portraits (51).webp,Portraits Photography,Portraits Photography,0.9500,Street Photography,auto
portraits\portraits (52).webp,Portraits Photography,Portraits Photography,0.9500,Product Photography,auto
portraits\portraits (53).webp,Portraits Photography,Portraits Photography,0.6439,Street Photography,review
portraits\portraits (54).webp,Portraits Photography,Street Photography,0.5771,Portraits Photography,review
portraits\portraits (55).webp,Portraits Photography,Portraits Photography,0.9368,Street Photography,auto
portraits\portraits (56).webp,Portraits Photography,Portraits Photography,0.9179,Street Photography,auto
portraits\portraits (57).webp,Portraits Photography,Portraits Photography,0.8309,Product Photography,auto
portraits\portraits (58).webp,Portraits Photography,Portraits Photography,0.9500,Product Photography,auto
portraits\portraits (59).webp,Portraits Photography,Portraits Photography,0.9500,Concert Photography,auto
portraits\portraits (6).webp,Portraits Photography,Portraits Photography,0.9500,Product Photography,auto
portraits\portraits (60).webp,Portraits Photography,Portraits Photography,0.9500,Product Photography,auto
portraits\portraits (61).webp,Portraits Photography,Street Photography,0.7497,Portraits Photography,review
portraits\portraits (62).webp,Portraits Photography,Street Photography,0.9297,Portraits Photography,auto
portraits\portraits (63).webp,Portraits Photography,Portraits Photography,0.6367,Street Photography,review
portraits\portraits (64).webp,Portraits Photography,Portraits Photography,0.5651,Street Photography,review
portraits\portraits (65).webp,Portraits Photography,Street Photography,0.4813,Portraits Photography,skip
portraits\portraits (66).webp,Portraits Photography,Portraits Photography,0.9500,Street Photography,auto
portraits\portraits (67).webp,Portraits Photography,Portraits Photography,0.7988,Street Photography,review
portraits\portraits (68).webp,Portraits Photography,Portraits Photography,0.9500,Street Photography,auto
portraits\portraits (69).webp,Portraits Photography,Portraits Photography,0.9352,Product Photography,auto
portraits\portraits (7).webp,Portraits Photography,Portraits Photography,0.8927,Product Photography,auto
portraits\portraits (70).webp,Portraits Photography,Portraits Photography,0.9500,Street Photography,auto
portraits\portraits (71).webp,Portraits Photography,Portraits Photography,0.8441,Product Photography,auto
portraits\portraits (72).webp,Portraits Photography,Portraits Photography,0.8432,Nature Photography,auto
portraits\portraits (73).webp,Portraits Photography,Portraits Photography,0.7780,Product Photography,review
portraits\portraits (74).webp,Portraits Photography,Portraits Photography,0.8484,Product Photography,auto
portraits\portraits (75).webp,Portraits Photography,Portraits Photography,0.8551,Product Photography,auto
portraits\portraits (76).webp,Portraits Photography,Portraits Photography,0.8317,Product Photography,auto
portraits\portraits (77).webp,Portraits Photography,Portraits Photography,0.6480,Product Photography,review
portraits\portraits (78).webp,Portraits Photography,Portraits Photography,0.7868,Product Photography,review
portraits\portraits (79).webp,Portraits Photography,Portraits Photography,0.6624,Product Photography,review
portraits\portraits (8).webp,Portraits Photography,Portraits Photography,0.8562,Product Photography,auto
portraits\portraits (80).webp,Portraits Photography,Portraits Photography,0.9500,Concert Photography,auto
portraits\portraits (81).webp,Portraits Photography,Portraits Photography,0.9114,Concert Photography,auto
portraits\portraits (82).webp,Portraits Photography,Portraits Photography,0.7635,Concert Photography,review
portraits\portraits (83).webp,Portraits Photography,Portraits Photography,0.9500,Product Photography,auto
portraits\portraits (84).webp,Portraits Photography,Portraits Photography,0.8802,Product Photography,auto
portraits\portraits (85).webp,Portraits Photography,Portraits Photography,0.9277,Product Photography,auto
portraits\portraits (86).webp,Portraits Photography,Portraits Photography,0.9427,Concert Photography,auto
portraits\portraits (87).webp,Portraits Photography,Portraits Photography,0.8309,Concert Photography,auto
portraits\portraits (88).webp,Portraits Photography,Portraits Photography,0.5343,Concert Photography,skip
portraits\portraits (89).webp,Portraits Photography,Portraits Photography,0.5262,Concert Photography,skip
portraits\portraits (9).webp,Portraits Photography,Portraits Photography,0.7038,Concert Photography,review
portraits\portraits (90).webp,Portraits Photography,Concert Photography,0.5662,Portraits Photography,review
portraits\portraits (91).webp,Portraits Photography,Portraits Photography,0.8610,Concert Photography,auto
portraits\portraits (92).webp,Portraits Photography,Portraits Photography,0.9500,Concert Photography,auto
portraits\portraits (93).webp,Portraits Photography,Portraits Photography,0.8346,Product Photography,auto
portraits\portraits (94).webp,Portraits Photography,Portraits Photography,0.8901,Concert Photography,auto
portraits\portraits (95).webp,Portraits Photography,Portraits Photography,0.8860,Product Photography,auto
portraits\portraits (96).webp,Portraits Photography,Portraits Photography,0.8550,Concert Photography,auto
portraits\portraits (97).webp,Portraits Photography,Portraits Photography,0.7492,Concert Photography,review
portraits\portraits (98).webp,Portraits Photography,Portraits Photography,0.7688,Concert Photography,review
portraits\portraits (99).webp,Portraits Photography,Portraits Photography,0.8985,Product Photography,auto
product\product (1).webp,Product Photography,Product Photography,0.5372,Street Photography,skip
product\product (10).webp,Product Photography,Product Photography,0.9500,Street Photography,auto
product\product (11).webp,Product Photography,Product Photography,0.9500,Portraits Photography,auto
product\product (12).webp,Product Photography,Product Photography,0.9500,Portraits Photography,auto
product\product (13).webp,Product Photography,Product Photography,0.9479,Portraits Photography,auto
product\product (14).webp,Product Photography,Product Photography,0.9500,Portraits Photography,auto
product\product (15).webp,Product Photography,Product Photography,0.9500,Concert Photography,auto
product\product (16).webp,Product Photography,Product Photography,0.9500,Concert Photography,auto
product\product (17).webp,Product Photography,Product Photography,0.9480,Concert Photography,auto
product\product (18).webp,Product Photography,Product Photography,0.9500,Concert Photography,auto
product\product (19).webp,Product Photography,Product Photography,0.9303,Concert Photography,auto
product\product (2).webp,Product Photography,Product Photography,0.5168,Street Photography,skip
product\product (20).webp,Product Photography,Product Photography,0.7063,Concert Photography,review
product\product (21).webp,Product Photography,Product Photography,0.9500,Portraits Photography,auto
product\product (22).webp,Product Photography,Product Photography,0.9500,Nature Photography,auto
product\product (23).webp,Product Photography,Product Photography,0.9500,Nature Photography,auto
product\product (24).webp,Product Photography,Product Photography,0.9500,Concert Photography,auto
product\product (25).webp,Product Photography,Product Photography,0.9500,Street Photography,auto
product\product (26).webp,Product Photography,Product Photography,0.9500,Concert Photography,auto
product\product (27).webp,Product Photography,Product Photography,0.9500,Concert Photography,auto
product\product (28).webp,Product Photography,Product Photography,0.9500,Concert Photography,auto
product\product (29).webp,Product Photography,Product Photography,0.9500,Nature Photography,auto
product\product (3).webp,Product Photography,Product Photography,0.8327,Street Photography,auto
product\product (30).webp,Product Photography,Product Photography,0.9500,Nature Photography,auto
product\product (31).webp,Product Photography,Product Photography,0.9500,Nature Photography,auto
product\product (32).webp,Product Photography,Product Photography,0.9500,Concert Photography,auto
product\product (33).webp,Product Photography,Product Photography,0.9500,Street Photography,auto
product\product (34).webp,Product Photography,Product Photography,0.9082,Street Photography,auto
product\product (35).webp,Product Photography,Product Photography,0.9500,Street Photography,auto
product\product (36).webp,Product Photography,Street Photography,0.9435,Product Photography,auto
product\product (37).webp,Product Photography,Product Photography,0.9500,Portraits Photography,auto
product\product (38).webp,Product Photography,Product Photography,0.9500,Portraits Photography,auto
product\product (39).webp,Product Photography,Product Photography,0.9170,Portraits Photography,auto
product\product (4).webp,Product Photography,Product Photography,0.5048,Street Photography,skip
product\product (40).webp,Product Photography,Product Photography,0.7129,Portraits Photography,review
product\product (41).webp,Product Photography,Nature Photography,0.5126,Product Photography,skip
product\product (42).webp,Product Photography,Product Photography,0.7854,Nature Photography,review
product\product (43).webp,Product Photography,Product Photography,0.8007,Nature Photography,auto
product\product (44).webp,Product Photography,Product Photography,0.7570,Portraits Photography,review
product\product (45).webp,Product Photography,Product Photography,0.7193,Portraits Photography,review
product\product (46).webp,Product Photography,Product Photography,0.9407,Portraits Photography,auto
product\product (47).webp,Product Photography,Portraits Photography,0.9097,Product Photography,auto
product\product (48).webp,Product Photography,Product Photography,0.9500,Portraits Photography,auto
product\product (49).webp,Product Photography,Product Photography,0.9500,Portraits Photography,auto
product\product (5).webp,Product Photography,Product Photography,0.6249,Street Photography,review
product\product (50).webp,Product Photography,Product Photography,0.9500,Portraits Photography,auto
product\product (51).webp,Product Photography,Product Photography,0.9500,Portraits Photography,auto
product\product (52).webp,Product Photography,Product Photography,0.9500,Portraits Photography,auto
product\product (53).webp,Product Photography,Product Photography,0.8005,Portraits Photography,auto
product\product (54).webp,Product Photography,Product Photography,0.9500,Portraits Photography,auto
product\product (55).webp,Product Photography,Product Photography,0.9500,Nature Photography,auto
product\product (56).webp,Product Photography,Product Photography,0.9500,Nature Photography,auto
product\product (57).webp,Product Photography,Product Photography,0.8210,Nature Photography,auto
product\product (58).webp,Product Photography,Product Photography,0.9500,Portraits Photography,auto
product\product (6).webp,Product Photography,Product Photography,0.7537,Street Photography,review
product\product (7).webp,Product Photography,Product Photography,0.8746,Street Photography,auto
product\product (8).webp,Product Photography,Product Photography,0.7275,Street Photography,review
product\product (9).webp,Product Photography,Product Photography,0.6580,Street Photography,review
