filename,rating,final_genre,review_status,model_1st,model_1st_conf,model_2nd,model_2nd_conf,title,is_blurry,exposure,objects_detected,caption,ocr_text,evidence_log,user_genre,user_label
test2024-001.jpg,1,Travel & Architecture,auto,Travel & Architecture,0.9865,Nature & Landscape,0.0131,There is a view of the sky from an airplane window.,yes,normal,,there is a view of the sky from an airplane window,,"{""architecture_boost"": 0.09, ""street_demote_architecture"": 1.8080075581868489e-06}",Nature & Landscape,wrong
test2024-002.jpg,2,Travel & Architecture,auto,Travel & Architecture,0.9996,Events & Music,0.0002,There are two towers that have a clock on each of them.,no,normal,,there are two towers that have a clock on each of them,,"{""architecture_boost"": 0.18, ""street_demote_architecture"": 1.5656153361002605e-05}",,correct
test2024-003.jpg,3,Travel & Architecture,review,Travel & Architecture,0.7998,Nature & Landscape,0.1996,There is a clock tower in the background of a city street.,no,normal,potted plant,there is a clock tower in the background of a city street,,"{""nature_boost"": 0.12, ""street_boost"": 0.12, ""architecture_boost"": 0.27, ""street_demote_architecture"": 0.12095597902933757}",,correct
test2024-004.jpg,4,Street Documentary,auto,Street Documentary,0.9799,Travel & Architecture,0.0115,There are two women sitting on a ledge looking at the city.,no,normal,person; person,there are two women sitting on a ledge looking at the city,,"{""street_boost"": 0.12}",,correct
test2024-005.jpg,4,Travel & Architecture,auto,Travel & Architecture,0.9472,Street Documentary,0.0384,There are two people standing in front of a large cathedral.,no,normal,person; person,there are two people standing in front of a large cathedral,,"{""architecture_boost"": 0.09}",,correct
test2024-006.jpg,1,Travel & Architecture,auto,Travel & Architecture,0.9992,Branding & Portrait,0.0004,There is a statue on top of a building with a cross on top.,yes,normal,,there is a statue on top of a building with a cross on top,,"{""street_boost"": 0.12, ""architecture_boost"": 0.18, ""street_demote_architecture"": 0.12012640158335368}",,correct
test2024-007.jpg,2,Travel & Architecture,auto,Travel & Architecture,0.9999,Nature & Landscape,0.0001,There is a large building with a clock on the front of it.,no,normal,,there is a large building with a clock on the front of it,,"{""street_boost"": 0.12, ""architecture_boost"": 0.18, ""street_demote_architecture"": 0.12000226497650146}",,correct
test2024-008.jpg,4,Travel & Architecture,auto,Travel & Architecture,0.9997,Branding & Portrait,0.0001,There are two clocks on the side of a brick building.,no,normal,clock; clock,there are two clocks on the side of a brick building,,"{""street_boost"": 0.12, ""architecture_boost"": 0.3, ""street_demote_architecture"": 0.12013637542724609}",,correct
test2024-009.jpg,4,Street Documentary,title-inferred,Street Documentary,0.488,Travel & Architecture,0.289,There is a large arch over a street with cars and people.,no,normal,car; car; car; person,there is a large arch over a street with cars and people,,"{""nature_boost"": 0.12, ""street_boost"": 0.24, ""title_fallback"": ""There is a large arch over a street with cars and people.""}",,correct
test2024-010.jpg,2,Street Documentary,review,Street Documentary,0.395,Nature & Landscape,0.3811,There are many palm trees lining the street in the city.,no,normal,,there are many palm trees lining the street in the city,,"{""nature_boost"": 0.12, ""street_boost"": 0.12, ""title_fallback"": ""There are many palm trees lining the street in the city."", ""street_requires_human_context"": true}",,correct
test2024-011.jpg,2,Travel & Architecture,auto,Travel & Architecture,0.9947,Nature & Landscape,0.0041,There is a large building with a clock on top of it.,no,normal,,there is a large building with a clock on top of it,,"{""street_boost"": 0.12, ""architecture_boost"": 0.18, ""street_demote_architecture"": 0.1226712417602539}",,correct
test2024-012.jpg,2,Street Documentary,auto,Street Documentary,0.9796,Travel & Architecture,0.0182,There are people walking down a narrow alley way in the city.,no,under,person; person,there are people walking down a narrow alley way in the city,,"{""street_boost"": 0.12}",,correct
test2024-013.jpg,4,Street Documentary,auto,Street Documentary,0.98,Branding & Portrait,0.0137,There is a woman standing on the sidewalk looking at her cell phone.,no,normal,person; person; person,there is a woman standing on the sidewalk looking at her cell phone,,"{""street_boost"": 0.12}",,correct
test2024-014.jpg,3,Street Documentary,review,Street Documentary,0.6923,Nature & Landscape,0.2991,There are many people standing on the street with their feet on the ground.,yes,normal,person; person,there are many people standing on the street with their feet on the ground,,"{""nature_boost"": 0.12, ""street_boost"": 0.12}",,correct
test2024-015.jpg,2,Travel & Architecture,review,Travel & Architecture,0.788,Other Photography,0.2118,There is a very tall building that has a crane on top.,no,normal,,there is a very tall building that has a crane on top,,"{""street_boost"": 0.12, ""architecture_boost"": 0.09, ""other_boost"": 0.072, ""street_demote_architecture"": 0.12002692143122355, ""nature_demote_other"": 3.9418538411458336e-05}",,correct
test2024-016.jpg,2,Travel & Architecture,auto,Travel & Architecture,0.9998,Branding & Portrait,0.0001,There is a tall building with many windows and balconies on it.,no,normal,,there is a tall building with many windows and balconies on it,,"{""street_boost"": 0.12, ""architecture_boost"": 0.18, ""street_demote_architecture"": 0.12009671847025553}",,correct
test2024-017.jpg,2,Travel & Architecture,auto,Travel & Architecture,0.9997,Nature & Landscape,0.0001,There is a clock on the side of a building with statues on it.,no,normal,,there is a clock on the side of a building with statues on it,,"{""street_boost"": 0.12, ""architecture_boost"": 0.27, ""street_demote_architecture"": 0.12004943211873371}",,correct
test2024-018.jpg,3,Street Documentary,review,Street Documentary,0.7619,Travel & Architecture,0.2223,There is a man sitting on the sidewalk in front of a brick building.,no,normal,person,there is a man sitting on the sidewalk in front of a brick building,,"{""street_boost"": 0.12, ""architecture_boost"": 0.09}",,correct
test2024-019.jpg,3,Travel & Architecture,auto,Travel & Architecture,0.9997,Events & Music,0.0002,There is a statue of a woman holding a baby on a pedestal.,no,normal,car,there is a statue of a woman holding a baby on a pedestal,,"{""street_boost"": 0.12, ""architecture_boost"": 0.09, ""street_demote_architecture"": 0.12031526883443196}",,correct
test2024-020.jpg,1,Food & Product,auto,Food & Product,0.9946,Events & Music,0.0046,There is a close up of a gold necklace and earrings on display.,yes,normal,,there is a close up of a gold necklace and earrings on display,,"{""portrait_demote_product_jewelry"": 0.0012227694193522136}",,correct
test2024-021.jpg,1,Travel & Architecture,auto,Travel & Architecture,0.9974,Nature & Landscape,0.001,There is a plane that is flying in the sky over a building.,yes,normal,,there is a plane that is flying in the sky over a building,,"{""street_boost"": 0.12, ""architecture_boost"": 0.09, ""street_demote_architecture"": 0.12044083595275878}",,correct
test2024-022.jpg,1,Travel & Architecture,auto,Travel & Architecture,0.9993,Nature & Landscape,0.0003,There is a clock on the top of a building with a sky background.,yes,normal,,there is a clock on the top of a building with a sky background,,"{""street_boost"": 0.12, ""architecture_boost"": 0.18, ""street_demote_architecture"": 0.12004820028940837}",,correct
test2024-023.jpg,2,Travel & Architecture,auto,Travel & Architecture,0.9988,Nature & Landscape,0.0005,There is a large building with a dome on top of it.,no,normal,,there is a large building with a dome on top of it,,"{""street_boost"": 0.12, ""architecture_boost"": 0.09, ""street_demote_architecture"": 0.1204201332728068}",,correct
test2024-024.jpg,2,Travel & Architecture,auto,Travel & Architecture,0.9999,Branding & Portrait,0.0,There is a large clock tower in the middle of a city.,no,normal,,there is a large clock tower in the middle of a city,,"{""street_boost"": 0.12, ""architecture_boost"": 0.27, ""street_demote_architecture"": 0.12016162792841593}",,correct
test2024-025.jpg,1,Travel & Architecture,auto,Travel & Architecture,0.9992,Branding & Portrait,0.0003,There is a clock on the top of a building with a sun in the background.,yes,normal,,there is a clock on the top of a building with a sun in the background,,"{""street_boost"": 0.12, ""architecture_boost"": 0.18, ""street_demote_architecture"": 0.12004039208094279}",,correct
test2024-026.jpg,2,Travel & Architecture,auto,Travel & Architecture,0.9946,Nature & Landscape,0.0046,There is a clock tower in the distance of a park.,no,normal,,there is a clock tower in the distance of a park,,"{""architecture_boost"": 0.27, ""street_demote_architecture"": 0.00016188621520996094}",,correct
test2024-027.jpg,2,Travel & Architecture,review,Travel & Architecture,0.6023,Nature & Landscape,0.3972,There is a tower with a clock on it surrounded by flowers.,no,normal,,there is a tower with a clock on it surrounded by flowers,,"{""nature_boost"": 0.12, ""architecture_boost"": 0.18, ""street_demote_architecture"": 7.291634877522786e-06}",,correct
test2024-028.jpg,3,Travel & Architecture,review,Travel & Architecture,0.7369,Nature & Landscape,0.2627,There is a black and white photo of a building with a clock.,no,normal,horse,there is a black and white photo of a building with a clock,,"{""nature_boost"": 0.12, ""street_boost"": 0.12, ""architecture_boost"": 0.18, ""street_demote_architecture"": 0.12019421180089314}",,correct
test2024-029.jpg,4,Food & Product,auto,Food & Product,0.9375,Street Documentary,0.0588,There are two women that are standing behind a counter with food.,no,normal,person; person,there are two women that are standing behind a counter with food,,"{""product_boost"": 0.12}",Street Documentary,wrong
test2024-030.jpg,2,Nature & Landscape,auto,Nature & Landscape,0.9158,Travel & Architecture,0.0808,There is a man sitting on a bench under a tree.,no,normal,,there is a man sitting on a bench under a tree,,"{""nature_boost"": 0.12}",Travel & Architecture,wrong
test2024-031.jpg,4,Street Documentary,review,Street Documentary,0.581,Travel & Architecture,0.399,Skateboarders in a skate park with a building in the background.,no,normal,person; person; skateboard; person; person; person; skateboard; skateboard; skateboard; person,skateboarders in a skate park with a building in the background,,"{""street_boost"": 0.12, ""architecture_boost"": 0.09}",,correct
test2024-032.jpg,4,Street Documentary,review,Street Documentary,0.7682,Branding & Portrait,0.1238,There is a man that is doing a trick on a skateboard.,no,normal,person; skateboard; person; skateboard; person,there is a man that is doing a trick on a skateboard,,{},,correct
test2024-033.jpg,4,Street Documentary,review,Street Documentary,0.5306,Nature & Landscape,0.3655,There is a shirtless man riding a skateboard on a city street.,no,normal,person; person; person; skateboard; skateboard; person,there is a shirtless man riding a skateboard on a city street,,"{""nature_boost"": 0.12, ""street_boost"": 0.12}",,correct
test2024-034.jpg,4,Street Documentary,review,Street Documentary,0.7006,Branding & Portrait,0.2101,There is a shirtless man doing a trick on a skateboard.,no,normal,person; skateboard; person,there is a shirtless man doing a trick on a skateboard,,{},,correct
test2024-035.jpg,4,Street Documentary,review,Street Documentary,0.7331,Branding & Portrait,0.2343,There is a shirtless man doing a trick on a skateboard.,no,normal,skateboard; person; person,there is a shirtless man doing a trick on a skateboard,,{},,correct
test2024-036.jpg,4,Street Documentary,auto,Street Documentary,0.8179,Nature & Landscape,0.1694,People walking down a busy street with a child on a leash.,no,normal,person; person; person; person; person; person; handbag; person; person; person,people walking down a busy street with a child on a leash,,"{""nature_boost"": 0.12, ""street_boost"": 0.24}",,correct
test2024-037.jpg,1,Travel & Architecture,review,Travel & Architecture,0.7847,Nature & Landscape,0.215,Sunset over a city with a clock tower in the middle of it.,yes,normal,,sunset over a city with a clock tower in the middle of it,,"{""nature_boost"": 0.12, ""street_boost"": 0.12, ""architecture_boost"": 0.27, ""street_demote_architecture"": 0.12012306372324626}",,correct
test2024-038.jpg,2,Travel & Architecture,auto,Travel & Architecture,0.8223,Nature & Landscape,0.1775,Clock tower on top of building with city in background at sunset.,no,normal,,clock tower on top of building with city in background at sunset,,"{""nature_boost"": 0.12, ""street_boost"": 0.12, ""architecture_boost"": 0.36, ""street_demote_architecture"": 0.12029744704564412}",,correct
test2024-039.jpg,1,Travel & Architecture,review,Travel & Architecture,0.6739,Nature & Landscape,0.3255,Sunset over a city with a tall building with a sign on top.,yes,normal,,sunset over a city with a tall building with a sign on top,,"{""nature_boost"": 0.12, ""street_boost"": 0.12, ""architecture_boost"": 0.09, ""street_demote_architecture"": 0.12008954604466755}",,correct
test2024-040.jpg,2,Travel & Architecture,auto,Travel & Architecture,0.9946,Nature & Landscape,0.0043,There is a tall tower with a clock on top of it.,no,normal,,there is a tall tower with a clock on top of it,,"{""architecture_boost"": 0.18, ""street_demote_architecture"": 8.110205332438151e-05}",,correct
test2024-041.jpg,4,Food & Product,auto,Food & Product,0.9992,Street Documentary,0.0007,There is a display case filled with bottles of alcohol and oranges.,no,normal,bottle; bottle; bottle; bottle; bottle; bottle; bottle; bottle; bottle; refrigerator; bottle; bottle; bottle; bottle; bottle; bottle; bottle; bottle; bottle; bottle; bottle; bottle,there is a display case filled with bottles of alcohol and oranges,,"{""product_boost"": 0.24}",,correct
test2024-042.jpg,2,Street Documentary,auto,Street Documentary,0.842,Nature & Landscape,0.1539,People walking across a street with a red bus in the background.,no,under,person; person; person; person,people walking across a street with a red bus in the background,,"{""nature_boost"": 0.12, ""street_boost"": 0.12}",,correct
test2024-043.jpg,2,Travel & Architecture,auto,Travel & Architecture,0.9975,Nature & Landscape,0.002,There is a black and white photo of a building with a spiral staircase.,no,normal,,there is a black and white photo of a building with a spiral staircase,,"{""street_boost"": 0.12, ""architecture_boost"": 0.18, ""street_demote_architecture"": 0.1228995672861735}",,correct
test2024-044.jpg,2,Travel & Architecture,auto,Travel & Architecture,0.9955,Nature & Landscape,0.004,There is a very tall building with a lot of windows.,no,normal,,there is a very tall building with a lot of windows,,"{""street_boost"": 0.12, ""architecture_boost"": 0.18, ""street_demote_architecture"": 0.12021572907765705}",,correct
test2024-045.jpg,3,Food & Product,auto,Food & Product,0.9329,Street Documentary,0.0605,There is a man that is standing behind a display of food.,no,normal,person,there is a man that is standing behind a display of food,,"{""product_boost"": 0.12}",Street Documentary,wrong
test2024-046.jpg,4,Street Documentary,review,Street Documentary,0.6994,Travel & Architecture,0.2882,There is a large picture of a man on the side of a building.,no,normal,person; person; person; person; tie,there is a large picture of a man on the side of a building,,"{""street_boost"": 0.12, ""architecture_boost"": 0.09}",,correct
test2024-047.jpg,1,Street Documentary,review,Street Documentary,0.6519,Nature & Landscape,0.3378,There are many people walking down the street at night.,yes,under,person; person; person; person; person,there are many people walking down the street at night,,"{""nature_boost"": 0.12, ""street_boost"": 0.12}",,correct
test2024-048.jpg,4,Street Documentary,review,Street Documentary,0.7708,Other Photography,0.2228,Cars are parked on the side of the road at night.,no,normal,bus; car; car,cars are parked on the side of the road at night,,"{""street_boost"": 0.24, ""other_boost"": 0.072, ""nature_demote_other"": 6.413459777832031e-05, ""street_requires_human_context"": true}",,correct
test2024-049.jpg,3,Travel & Architecture,auto,Travel & Architecture,0.9984,Branding & Portrait,0.0009,There is a bird perched on the top of a brick building.,no,normal,person,there is a bird perched on the top of a brick building,,"{""street_boost"": 0.12, ""architecture_boost"": 0.09, ""street_demote_architecture"": 0.12111269950866699}",,correct
test2024-050.jpg,2,Travel & Architecture,auto,Travel & Architecture,0.9992,Nature & Landscape,0.0007,There is a stone wall with a clock tower in the background.,no,normal,,there is a stone wall with a clock tower in the background,,"{""architecture_boost"": 0.27, ""street_demote_architecture"": 1.3748804728190104e-05}",,correct
test2024-051.jpg,2,Travel & Architecture,auto,Travel & Architecture,0.9976,Nature & Landscape,0.0019,There is a black and white photo of a building with a clock on it.,no,normal,,there is a black and white photo of a building with a clock on it,,"{""street_boost"": 0.12, ""architecture_boost"": 0.18, ""street_demote_architecture"": 0.12021406014760334}",,correct
test2024-052.jpg,2,Travel & Architecture,auto,Travel & Architecture,0.9962,Branding & Portrait,0.0014,There is a tall tower with a clock on top of it.,no,normal,,there is a tall tower with a clock on top of it,,"{""architecture_boost"": 0.18, ""street_demote_architecture"": 0.0006293853123982748}",,correct
test2024-053.jpg,2,Nature & Landscape,auto,Nature & Landscape,0.9973,Food & Product,0.001,There is a seagull standing on a rock with its beak open.,yes,normal,bird,there is a seagull standing on a rock with its beak open,,"{""nature_boost"": 0.12}",,correct
test2024-054.jpg,1,Other Photography,review,Nature & Landscape,0.2725,Travel & Architecture,0.216,There is a bird that is sitting on top of a pole.,yes,normal,,there is a bird that is sitting on top of a pole,,"{""other_gate"": {""reason"": ""score_too_low"", ""max_score"": 0.27246040798010585}}",Nature & Landscape,wrong
test2024-055.jpg,3,Other Photography,review,Other Photography,0.998,Branding & Portrait,0.0009,There are two ships that are in the water in the fog.,yes,normal,boat; boat,there are two ships that are in the water in the fog,,"{""other_boost"": 0.144, ""nature_demote_other"": 0.0005150437355041504}",Travel & Architecture,wrong
test2024-056.jpg,3,Street Documentary,review,Street Documentary,0.71,Nature & Landscape,0.2721,There is a woman walking down a crowded street with a bag.,yes,normal,person; person; person; handbag; person,there is a woman walking down a crowded street with a bag,,"{""nature_boost"": 0.12, ""street_boost"": 0.24}",,correct
test2024-057.jpg,3,Food & Product,auto,Food & Product,0.9704,Street Documentary,0.0239,There are many people sitting at a table in a restaurant.,yes,normal,cup; person; person; cup; person,there are many people sitting at a table in a restaurant,,"{""product_boost"": 0.24}",Street Documentary,wrong
test2024-058.jpg,1,Nature & Landscape,auto,Nature & Landscape,0.9357,Branding & Portrait,0.0287,There is a sea horse that is swimming in the water.,yes,normal,,there is a sea horse that is swimming in the water,,{},,correct
test2024-059.jpg,2,Food & Product,auto,Food & Product,0.9985,Nature & Landscape,0.0014,There is a black and white photo of a shark swimming in the water.,yes,normal,scissors,there is a black and white photo of a shark swimming in the water,,"{""product_boost"": 0.12}",Nature & Landscape,wrong
test2024-060.jpg,2,Nature & Landscape,auto,Nature & Landscape,0.9999,Events & Music,0.0,There is a manta ray swimming in the water in a tank.,yes,normal,bird,there is a manta ray swimming in the water in a tank,,"{""nature_boost"": 0.12}",,correct
test2024-061.jpg,1,Nature & Landscape,review,Nature & Landscape,0.5953,Branding & Portrait,0.2607,There is a white axamant with pink hair on it ' s head.,yes,under,,there is a white axamant with pink hair on it ' s head,,{},,correct
test2024-062.jpg,1,Nature & Landscape,auto,Nature & Landscape,0.9171,Food & Product,0.0405,There is a sea horse that is swimming in the water.,yes,normal,,there is a sea horse that is swimming in the water,,{},,correct
test2024-063.jpg,2,Nature & Landscape,auto,Nature & Landscape,0.9997,Branding & Portrait,0.0001,There is a red fish that is swimming in the water.,yes,normal,bird,there is a red fish that is swimming in the water,,"{""nature_boost"": 0.12}",,correct
test2024-064.jpg,1,Nature & Landscape,auto,Nature & Landscape,0.9986,Branding & Portrait,0.001,There is a green and yellow bird sitting on a tree branch.,yes,normal,,there is a green and yellow bird sitting on a tree branch,,"{""nature_boost"": 0.12}",,correct
test2024-065.jpg,2,Travel & Architecture,auto,Travel & Architecture,0.999,Nature & Landscape,0.0004,There is a very tall building with a clock on it.,no,normal,,there is a very tall building with a clock on it,,"{""street_boost"": 0.12, ""architecture_boost"": 0.18, ""street_demote_architecture"": 0.1200420610109965}",,correct
test2024-066.jpg,3,Street Documentary,auto,Street Documentary,0.976,Branding & Portrait,0.0132,There is a small child standing on the sidewalk in front of a group of people.,yes,normal,person; person,there is a small child standing on the sidewalk in front of a group of people,,"{""street_boost"": 0.12}",,correct
test2024-067.jpg,1,Travel & Architecture,auto,Travel & Architecture,0.9989,Events & Music,0.0007,There is a bird that is sitting on a railing in front of a building.,yes,under,,there is a bird that is sitting on a railing in front of a building,,"{""street_boost"": 0.12, ""architecture_boost"": 0.09, ""street_demote_architecture"": 0.12036366780598957}",,correct
test2024-068.jpg,2,Travel & Architecture,review,Travel & Architecture,0.7759,Events & Music,0.2163,There is a picture of a building that has a painting on it.,no,normal,,there is a picture of a building that has a painting on it,,"{""street_boost"": 0.12, ""architecture_boost"": 0.09, ""street_demote_architecture"": 0.1301788838704427}",,correct
test2024-069.jpg,2,Travel & Architecture,auto,Travel & Architecture,0.9994,Nature & Landscape,0.0003,There is a very tall building with a clock on the top.,no,normal,,there is a very tall building with a clock on the top,,"{""street_boost"": 0.12, ""architecture_boost"": 0.18, ""street_demote_architecture"": 0.1200313917795817}",,correct
test2024-070.jpg,1,Travel & Architecture,auto,Travel & Architecture,0.9854,Nature & Landscape,0.0136,There is a long hallway with many columns and a stone wall.,yes,normal,,there is a long hallway with many columns and a stone wall,,"{""architecture_boost"": 0.27, ""street_demote_architecture"": 0.003813505172729492}",,correct
test2024-071.jpg,4,Travel & Architecture,auto,Travel & Architecture,0.9596,Events & Music,0.0387,There is a large building with a clock on top of it.,no,normal,person; person; person,there is a large building with a clock on top of it,,"{""street_boost"": 0.12, ""architecture_boost"": 0.18, ""street_demote_architecture"": 0.12072193145751953}",,correct
test2024-072.jpg,1,Travel & Architecture,auto,Travel & Architecture,0.9981,Branding & Portrait,0.001,There is a reflection of a tower in the window of a building.,yes,normal,,there is a reflection of a tower in the window of a building,,"{""street_boost"": 0.12, ""architecture_boost"": 0.27, ""street_demote_architecture"": 0.12021195411682128}",,correct
test2024-073.jpg,4,Travel & Architecture,auto,Travel & Architecture,0.9901,Events & Music,0.0078,There is a fountain in front of a large building with statues.,no,normal,person; person; person; person; person,there is a fountain in front of a large building with statues,,"{""street_boost"": 0.12, ""architecture_boost"": 0.18, ""street_demote_architecture"": 0.12292476018269856}",,correct
test2024-074.jpg,3,Street Documentary,auto,Street Documentary,0.9787,Branding & Portrait,0.0185,Woman in red dress walking down a sidewalk with a cell phone.,no,normal,person,woman in red dress walking down a sidewalk with a cell phone,,"{""street_boost"": 0.12}",,correct
test2024-075.jpg,1,Travel & Architecture,auto,Travel & Architecture,0.993,Branding & Portrait,0.005,Black and white photograph of a window with bars in it.,yes,normal,,black and white photograph of a window with bars in it,,"{""architecture_boost"": 0.09, ""street_demote_architecture"": 0.0005881786346435547}",,correct
test2024-076.jpg,2,Travel & Architecture,auto,Travel & Architecture,0.9892,Events & Music,0.0064,There is a wall with blue and white designs on it.,no,normal,,there is a wall with blue and white designs on it,,{},,correct
test2024-077.jpg,2,Travel & Architecture,auto,Travel & Architecture,0.9787,Events & Music,0.0157,There is a wall with a decorative design on it.,no,normal,,there is a wall with a decorative design on it,,{},,correct
test2024-078.jpg,2,Street Documentary,review,Street Documentary,0.835,Travel & Architecture,0.1633,There is a view of a city from the top of a hill.,no,normal,,there is a view of a city from the top of a hill,,"{""street_boost"": 0.12, ""street_requires_human_context"": true}",,correct
test2024-079.jpg,2,Street Documentary,review,Street Documentary,0.9376,Nature & Landscape,0.0356,There is a man that is walking down the sidewalk between the hedges.,no,normal,,there is a man that is walking down the sidewalk between the hedges,,"{""street_boost"": 0.12, ""street_requires_human_context"": true}",,correct
test2024-080.jpg,3,Street Documentary,auto,Street Documentary,0.8913,Nature & Landscape,0.0643,There is a man walking down a sidewalk between two rows of hedges.,yes,normal,person; person,there is a man walking down a sidewalk between two rows of hedges,,"{""street_boost"": 0.12}",,correct
test2024-081.jpg,1,Travel & Architecture,review,Travel & Architecture,0.6247,Nature & Landscape,0.3738,There is a pink flower that is in front of a building.,yes,normal,,there is a pink flower that is in front of a building,,"{""nature_boost"": 0.12, ""street_boost"": 0.12, ""architecture_boost"": 0.09, ""street_demote_architecture"": 0.12017885367075602}",Nature & Landscape,wrong
test2024-082.jpg,2,Travel & Architecture,auto,Travel & Architecture,0.9983,Nature & Landscape,0.0012,There is a archway with a building in the background.,no,normal,,there is a archway with a building in the background,,"{""street_boost"": 0.12, ""architecture_boost"": 0.18, ""street_demote_architecture"": 0.12003111362457275}",,correct
test2024-083.jpg,3,Street Documentary,review,Street Documentary,0.9847,Travel & Architecture,0.009,There are two people sitting on a rock overlooking a city.,no,normal,person,there are two people sitting on a rock overlooking a city,,"{""street_boost"": 0.12, ""street_requires_human_context"": true}",,correct
test2024-084.jpg,3,Wedding Photography,auto,Wedding Photography,1.0,Travel & Architecture,0.0,Bride and groom kissing in front of a wooden door with iron railing.,no,normal,person,bride and groom kissing in front of a wooden door with iron railing,,"{""wedding_boost"": 0.39, ""wedding_override"": ""explicit""}",,correct
test2024-085.jpg,3,Travel & Architecture,review,Travel & Architecture,0.5278,Street Documentary,0.4413,There is a woman sitting on a bench in front of a building.,no,normal,person,there is a woman sitting on a bench in front of a building,,"{""street_boost"": 0.12, ""architecture_boost"": 0.09, ""street_demote_architecture"": 0.14500000000000002}",Street Documentary,wrong
test2024-086.jpg,3,Street Documentary,auto,Street Documentary,0.9427,Events & Music,0.0373,There is a man standing in front of a wall of clothing.,yes,normal,person; person; person,there is a man standing in front of a wall of clothing,,{},,correct
test2024-087.jpg,4,Street Documentary,auto,Street Documentary,0.9942,Branding & Portrait,0.0031,There is a man sitting on a chair in front of a store.,no,normal,person; person,there is a man sitting on a chair in front of a store,,{},,correct
test2024-088.jpg,3,Street Documentary,review,Street Documentary,0.5701,Travel & Architecture,0.4296,There is a cat that is sitting on the steps of a building.,yes,normal,person; potted plant; cat; person,there is a cat that is sitting on the steps of a building,,"{""street_boost"": 0.12, ""architecture_boost"": 0.09}",,correct
test2024-089.jpg,2,Nature & Landscape,auto,Nature & Landscape,0.9889,Travel & Architecture,0.01,There is a view of the ocean from the top of a hill.,no,normal,,there is a view of the ocean from the top of a hill,,"{""nature_boost"": 0.12}",,correct
test2024-090.jpg,1,Nature & Landscape,auto,Nature & Landscape,0.9997,Travel & Architecture,0.0001,There is a bird that is flying over the water at sunset.,yes,under,bird,there is a bird that is flying over the water at sunset,,"{""nature_boost"": 0.24}",,correct
test2024-091.jpg,2,Nature & Landscape,auto,Nature & Landscape,0.999,Street Documentary,0.0004,There is a white bird that is standing on a wooden post.,yes,normal,bird,there is a white bird that is standing on a wooden post,,"{""nature_boost"": 0.12}",,correct
test2024-092.jpg,2,Nature & Landscape,auto,Nature & Landscape,0.9918,Branding & Portrait,0.0047,There is a view of the ocean from inside a cave.,no,normal,,there is a view of the ocean from inside a cave,,"{""nature_boost"": 0.12}",,correct
test2024-093.jpg,4,Street Documentary,review,Street Documentary,0.5671,Travel & Architecture,0.4318,There is a narrow alley with blue painted steps leading up to a blue building.,no,normal,person; potted plant,there is a narrow alley with blue painted steps leading up to a blue building,,"{""street_boost"": 0.12, ""architecture_boost"": 0.09}",,correct
test2024-094.jpg,3,Street Documentary,review,Street Documentary,0.5004,Nature & Landscape,0.4909,There are many figurines of people riding camels on the street.,yes,normal,person; elephant,there are many figurines of people riding camels on the street,,"{""nature_boost"": 0.12, ""street_boost"": 0.12, ""street_requires_human_context"": true}",,correct
test2024-095.jpg,1,Travel & Architecture,auto,Travel & Architecture,0.9995,Nature & Landscape,0.0003,There is a view of a clock tower through a gate.,no,under,,there is a view of a clock tower through a gate,,"{""architecture_boost"": 0.36, ""street_demote_architecture"": 0.00014807780583699545}",,correct
test2024-096.jpg,2,Nature & Landscape,auto,Nature & Landscape,0.9973,Street Documentary,0.0025,There are two cats that are sitting in a white container.,yes,normal,cat,there are two cats that are sitting in a white container,,"{""nature_boost"": 0.12}",,correct
test2024-097.jpg,1,Street Documentary,review,Street Documentary,0.515,Nature & Landscape,0.479,There is a man walking down the street in a striped robe.,yes,normal,,there is a man walking down the street in a striped robe,,"{""nature_boost"": 0.12, ""street_boost"": 0.12, ""street_requires_human_context"": true}",,correct
test2024-098.jpg,2,Travel & Architecture,auto,Travel & Architecture,0.999,Events & Music,0.0008,There is a staircase going up to the second floor of a building.,no,normal,,there is a staircase going up to the second floor of a building,,"{""street_boost"": 0.12, ""architecture_boost"": 0.18, ""street_demote_architecture"": 0.12004581610361735}",,correct
test2024-099.jpg,3,Travel & Architecture,auto,Travel & Architecture,0.9986,Nature & Landscape,0.0008,There is a narrow alley with a clock tower in the background.,no,normal,potted plant,there is a narrow alley with a clock tower in the background,,"{""architecture_boost"": 0.27, ""street_demote_architecture"": 0.013938585917154947}",,correct
test2024-100.jpg,4,Street Documentary,auto,Street Documentary,0.9709,Events & Music,0.0128,There are many people walking through a market with many items.,no,normal,person; person; person; person; person; person; person; person,there are many people walking through a market with many items,,"{""product_demote_street"": 0.00016069412231445312}",,correct
test2024-101.jpg,2,Travel & Architecture,auto,Travel & Architecture,0.9993,Events & Music,0.0004,There is a red flag hanging from a building in a narrow alley.,no,normal,,there is a red flag hanging from a building in a narrow alley,,"{""street_boost"": 0.12, ""architecture_boost"": 0.09, ""street_demote_architecture"": 0.1217862319946289}",,correct
test2024-102.jpg,1,Travel & Architecture,auto,Travel & Architecture,0.999,Nature & Landscape,0.0004,There is a small window in the roof of a building.,yes,under,,there is a small window in the roof of a building,,"{""street_boost"": 0.12, ""architecture_boost"": 0.18, ""street_demote_architecture"": 0.12100064277648925}",,correct
test2024-103.jpg,1,Travel & Architecture,auto,Travel & Architecture,0.9848,Events & Music,0.005,There is a white sheet on the ground next to a window.,yes,under,,there is a white sheet on the ground next to a window,,"{""architecture_boost"": 0.09, ""street_demote_architecture"": 0.005556901295979817}",,correct
test2024-104.jpg,3,Street Documentary,review,Street Documentary,0.8918,Food & Product,0.0711,There is a bird that is sitting on the ground with an umbrella.,no,normal,umbrella,there is a bird that is sitting on the ground with an umbrella,,"{""street_boost"": 0.12, ""street_requires_human_context"": true}",,correct
test2024-105.jpg,2,Travel & Architecture,auto,Travel & Architecture,0.9979,Events & Music,0.0018,There is a large building that has a lot of windows.,no,normal,,there is a large building that has a lot of windows,,"{""street_boost"": 0.12, ""architecture_boost"": 0.18, ""street_demote_architecture"": 0.12001211961110432}",,correct
test2024-106.jpg,3,Nature & Landscape,auto,Nature & Landscape,0.9999,Street Documentary,0.0001,There is a monkey sitting on the ground with its baby.,no,normal,bear,there is a monkey sitting on the ground with its baby,,"{""nature_boost"": 0.12}",,
test2024-107.jpg,2,Nature & Landscape,auto,Nature & Landscape,0.9983,Branding & Portrait,0.0008,There is a monkey that is sitting on the ground with its mouth open.,yes,normal,dog,there is a monkey that is sitting on the ground with its mouth open,,"{""nature_boost"": 0.12}",,
test2024-108.jpg,3,Nature & Landscape,auto,Nature & Landscape,0.9464,Branding & Portrait,0.0464,There is a man sitting on a hill in the middle of a field.,no,normal,person,there is a man sitting on a hill in the middle of a field,,"{""nature_boost"": 0.12}",,
test2024-109.jpg,1,Nature & Landscape,review,Nature & Landscape,0.6936,Travel & Architecture,0.2938,There is a horse standing on top of a hill in the desert.,yes,normal,,there is a horse standing on top of a hill in the desert,,{},,correct
test2024-110.jpg,2,Branding & Portrait,review,Branding & Portrait,0.6603,Street Documentary,0.3132,There is a woman in a blue dress and a blue scarf.,yes,normal,person,there is a woman in a blue dress and a blue scarf,,{},,correct
test2024-111.jpg,2,Food & Product,auto,Food & Product,0.9816,Street Documentary,0.0171,There is a woman wearing a white shirt and a black and white checkered hat.,yes,normal,person,there is a woman wearing a white shirt and a black and white checkered hat,,"{""portrait_demote_product_jewelry"": 0.017197926839192707}",Branding & Portrait,wrong
test2024-112.jpg,1,Nature & Landscape,review,Nature & Landscape,0.6639,Travel & Architecture,0.1958,There is a black sky with a lot of stars in it.,no,under,,there is a black sky with a lot of stars in it,,{},,correct
test2024-113.jpg,3,Branding & Portrait,auto,Branding & Portrait,0.851,Events & Music,0.0475,There is a man riding a snowboard down a hill in the desert.,no,normal,person,there is a man riding a snowboard down a hill in the desert,,{},,
test2024-114.jpg,2,Branding & Portrait,auto,Branding & Portrait,0.9153,Events & Music,0.0495,There is a woman in a long red dress sitting on a sand dune.,yes,normal,person,there is a woman in a long red dress sitting on a sand dune,,{},,
test2024-115.jpg,2,Nature & Landscape,title-inferred,Nature & Landscape,0.4583,Street Documentary,0.4529,Mountains in the distance with a small town in the foreground.,no,normal,,mountains in the distance with a small town in the foreground,,"{""nature_boost"": 0.12, ""street_boost"": 0.12, ""title_fallback"": ""Mountains in the distance with a small town in the foreground.""}",,correct
test2024-116.jpg,2,Branding & Portrait,auto,Branding & Portrait,0.8011,Travel & Architecture,0.0629,There is a man that is standing on a hill with his arms spread out.,yes,normal,person,there is a man that is standing on a hill with his arms spread out,,{},,correct
test2024-117.jpg,3,Branding & Portrait,review,Branding & Portrait,0.6887,Street Documentary,0.1095,There is a woman in a red dress standing on a rock.,no,normal,person,there is a woman in a red dress standing on a rock,,{},,correct
test2024-118.jpg,2,Nature & Landscape,auto,Nature & Landscape,0.9966,Branding & Portrait,0.0023,There is a man that is climbing on a rope in the mountains.,no,normal,,there is a man that is climbing on a rope in the mountains,,"{""nature_boost"": 0.12}",,correct
test2024-119.jpg,2,Street Documentary,review,Street Documentary,0.8866,Branding & Portrait,0.1048,There is a woman in a yellow jumpsuit walking down a walkway.,yes,normal,person,there is a woman in a yellow jumpsuit walking down a walkway,,"{""street_requires_human_context"": true}",Branding & Portrait,wrong
test2024-120.jpg,2,Nature & Landscape,auto,Nature & Landscape,0.8165,Travel & Architecture,0.0597,There is a large bird that is flying in the sky.,yes,normal,airplane,there is a large bird that is flying in the sky,,{},,correct
test2024-121.jpg,3,Branding & Portrait,review,Branding & Portrait,0.622,Events & Music,0.373,There is a woman in a costume that is posing for a picture.,no,normal,person,there is a woman in a costume that is posing for a picture,,{},,correct
test2024-122.jpg,2,Branding & Portrait,auto,Branding & Portrait,0.9758,Events & Music,0.0207,Woman dressed in costume posing for a picture with her arms outstretched.,yes,normal,person,woman dressed in costume posing for a picture with her arms outstretched,,{},,
test2024-123.jpg,3,Branding & Portrait,auto,Branding & Portrait,0.9269,Events & Music,0.066,There is a woman in a costume posing for a picture.,no,normal,person,there is a woman in a costume posing for a picture,,{},,
test2024-124.jpg,3,Branding & Portrait,auto,Branding & Portrait,0.9811,Events & Music,0.0155,There is a woman in a costume posing with her hands on her hips.,no,normal,person,there is a woman in a costume posing with her hands on her hips,,{},,
test2024-125.jpg,2,Food & Product,review,Food & Product,0.6814,Branding & Portrait,0.3081,There is a woman in a leather dress posing for a picture.,yes,normal,person,there is a woman in a leather dress posing for a picture,,"{""product_boost"": 0.12}",Branding & Portrait,wrong
test2024-126.jpg,2,Branding & Portrait,auto,Branding & Portrait,0.9731,Events & Music,0.0215,Woman in a costume of a warrior with a gold mask.,yes,normal,person,woman in a costume of a warrior with a gold mask,,{},,
test2024-127.jpg,2,Food & Product,auto,Food & Product,0.9996,Events & Music,0.0004,There is a woman with pink hair wearing a costume and smiling.,yes,normal,person,there is a woman with pink hair wearing a costume and smiling,,"{""portrait_demote_product_jewelry"": 0.0002606511116027832}",Branding & Portrait,wrong
test2024-128.jpg,4,Branding & Portrait,auto,Branding & Portrait,0.8873,Events & Music,0.0697,There is a woman with pink hair sitting on the ground.,no,normal,person; kite,there is a woman with pink hair sitting on the ground,,{},,
test2024-129.jpg,3,Branding & Portrait,auto,Branding & Portrait,0.948,Events & Music,0.0256,Blond haired woman with pink hair and a crown on her head.,no,normal,person,blond haired woman with pink hair and a crown on her head,,{},,
test2024-130.jpg,2,Food & Product,auto,Food & Product,0.9997,Events & Music,0.0002,There is a woman with pink hair wearing a red and white outfit.,yes,normal,person,there is a woman with pink hair wearing a red and white outfit,,"{""portrait_demote_product_jewelry"": 0.0002171794573465983}",Branding & Portrait,wrong
test2024-131.jpg,2,Branding & Portrait,review,Branding & Portrait,0.7861,Events & Music,0.1574,There is a woman with pink hair sitting on the ground.,yes,normal,person,there is a woman with pink hair sitting on the ground,,{},,
test2024-132.jpg,2,Branding & Portrait,auto,Branding & Portrait,0.9498,Events & Music,0.0344,There is a woman with pink hair making a heart with her hands.,yes,normal,person,there is a woman with pink hair making a heart with her hands,,{},,
test2024-133.jpg,2,Branding & Portrait,auto,Branding & Portrait,0.8896,Events & Music,0.0802,Blond haired woman with pink hair posing with hands up in the air.,yes,normal,person,blond haired woman with pink hair posing with hands up in the air,,{},,
test2024-134.jpg,3,Branding & Portrait,auto,Branding & Portrait,0.9184,Events & Music,0.0423,There is a woman with pink hair posing for a picture.,yes,normal,person; person,there is a woman with pink hair posing for a picture,,{},,
test2024-135.jpg,2,Food & Product,auto,Food & Product,0.9954,Events & Music,0.0044,There is a woman with pink hair wearing a white and red outfit.,yes,normal,person,there is a woman with pink hair wearing a white and red outfit,,"{""portrait_demote_product_jewelry"": 0.000576476256052653}",Branding & Portrait,wrong
test2024-136.jpg,3,Other Photography,review,Other Photography,0.9416,Branding & Portrait,0.0569,Blond woman with pink hair and piercings posing for a picture.,no,normal,person,blond woman with pink hair and piercings posing for a picture,,"{""other_boost"": 0.072, ""nature_demote_other"": 4.967053731282552e-07}",Branding & Portrait,wrong
test2024-137.jpg,2,Branding & Portrait,review,Branding & Portrait,0.646,Events & Music,0.3265,There is a woman with pink hair holding a cell phone.,yes,normal,person,there is a woman with pink hair holding a cell phone,,{},,correct
test2024-138.jpg,3,Branding & Portrait,auto,Branding & Portrait,0.918,Events & Music,0.0639,Blond haired woman with pink hair making a peace sign with her fingers.,no,normal,person,blond haired woman with pink hair making a peace sign with her fingers,,{},,
test2024-139.jpg,3,Branding & Portrait,auto,Branding & Portrait,0.975,Events & Music,0.0155,There is a woman dressed in a spider - man costume posing for a picture.,no,normal,person,there is a woman dressed in a spider - man costume posing for a picture,,{},,
test2024-140.jpg,3,Branding & Portrait,auto,Branding & Portrait,0.9732,Events & Music,0.0175,Spider - man woman in black and white costume crouching down with red shoes.,no,normal,person,spider - man woman in black and white costume crouching down with red shoes,,{},,
test2024-141.jpg,2,Branding & Portrait,auto,Branding & Portrait,0.9719,Events & Music,0.0121,There is a woman in a black and white bodysuit posing for a picture.,yes,normal,person,there is a woman in a black and white bodysuit posing for a picture,,{},,
test2024-142.jpg,1,Branding & Portrait,auto,Branding & Portrait,0.9774,Events & Music,0.0145,Spider - man woman in black and white costume crouching down on blue background.,yes,under,person,spider - man woman in black and white costume crouching down on blue background,,{},,
test2024-143.jpg,1,Branding & Portrait,auto,Branding & Portrait,0.9767,Events & Music,0.0169,There is a woman in a black and green outfit doing a push up.,yes,under,person,there is a woman in a black and green outfit doing a push up,,{},,
test2024-144.jpg,3,Branding & Portrait,review,Branding & Portrait,0.6548,Street Documentary,0.1863,There are two people dressed up as black panther and spider - man posing for a picture.,no,normal,person,there are two people dressed up as black panther and spider - man posing for a picture,,{},,correct
test2024-145.jpg,2,Food & Product,title-inferred,Food & Product,0.4853,Branding & Portrait,0.4401,There is a man sitting at a table with a plate of food.,yes,normal,person,there is a man sitting at a table with a plate of food,,"{""product_boost"": 0.12, ""title_fallback"": ""There is a man sitting at a table with a plate of food.""}",Branding & Portrait,wrong
test2024-146.jpg,3,Branding & Portrait,auto,Branding & Portrait,0.9967,Street Documentary,0.0021,There is a man that is standing in front of a blackboard.,yes,normal,person; chair,there is a man that is standing in front of a blackboard,,{},,
test2024-147.jpg,3,Travel & Architecture,review,Travel & Architecture,0.7139,Nature & Landscape,0.2853,There is a statue of a rooster on top of a building.,no,normal,bird,there is a statue of a rooster on top of a building,,"{""nature_boost"": 0.12, ""street_boost"": 0.12, ""architecture_boost"": 0.18, ""street_demote_architecture"": 0.12001921256383259}",,correct
test2024-148.jpg,4,Street Documentary,review,Street Documentary,0.7106,Nature & Landscape,0.2354,There are many people walking down the street in red and white outfits.,no,normal,person; person; person; person; person; person,there are many people walking down the street in red and white outfits,,"{""nature_boost"": 0.12, ""street_boost"": 0.12}",,correct
test2024-149.jpg,4,Street Documentary,title-inferred,Street Documentary,0.4845,Nature & Landscape,0.4642,Several people in red and white outfits are walking down a street.,no,normal,person; person; person; person; person; person; person; person,several people in red and white outfits are walking down a street,,"{""nature_boost"": 0.12, ""street_boost"": 0.12, ""title_fallback"": ""Several people in red and white outfits are walking down a street.""}",,correct
test2024-150.jpg,2,Travel & Architecture,auto,Travel & Architecture,0.9995,Nature & Landscape,0.0002,There is a clock tower that is on the side of a building.,no,normal,,there is a clock tower that is on the side of a building,,"{""street_boost"": 0.12, ""architecture_boost"": 0.36, ""street_demote_architecture"": 0.12055940945943196}",,
test2024-151.jpg,4,Travel & Architecture,auto,Travel & Architecture,0.9845,Events & Music,0.0094,There are people walking around in front of an old church.,no,normal,person; person; person; person; person; person,there are people walking around in front of an old church,,"{""architecture_boost"": 0.09}",,
test2024-152.jpg,4,Nature & Landscape,review,Nature & Landscape,0.5524,Travel & Architecture,0.4438,Flock of birds flying around a statue of a man on a horse.,no,normal,kite; bird,flock of birds flying around a statue of a man on a horse,,"{""nature_boost"": 0.12, ""architecture_boost"": 0.09, ""street_demote_architecture"": 0.0013607343037923176}",Travel & Architecture,wrong
test2024-153.jpg,2,Travel & Architecture,auto,Travel & Architecture,0.9998,Nature & Landscape,0.0001,There is a clock on the top of a building with a sky background.,no,normal,,there is a clock on the top of a building with a sky background,,"{""street_boost"": 0.12, ""architecture_boost"": 0.18, ""street_demote_architecture"": 0.12002346436182658}",,
test2024-154.jpg,4,Travel & Architecture,title-inferred,Travel & Architecture,0.4778,Street Documentary,0.2592,People riding horses in front of a large building with a mexican flag.,no,normal,horse; person; person; clock; horse,people riding horses in front of a large building with a mexican flag,,"{""product_boost"": 0.12, ""street_boost"": 0.12, ""architecture_boost"": 0.21, ""title_fallback"": ""People riding horses in front of a large building with a mexican flag.""}",Street Documentary,wrong
test2024-155.jpg,3,Street Documentary,title-inferred,Street Documentary,0.3451,Food & Product,0.3063,There are two men riding horses down the street with a mexican flag.,yes,normal,horse; person; horse; person; horse; person; person,there are two men riding horses down the street with a mexican flag,,"{""nature_boost"": 0.12, ""product_boost"": 0.12, ""street_boost"": 0.12, ""title_fallback"": ""There are two men riding horses down the street with a mexican flag.""}",,correct
test2024-156.jpg,2,Street Documentary,review,Street Documentary,0.4965,Nature & Landscape,0.4959,There is a street light that is lit up with a firework.,no,normal,,there is a street light that is lit up with a firework,,"{""nature_boost"": 0.12, ""street_boost"": 0.12, ""title_fallback"": ""There is a street light that is lit up with a firework."", ""street_requires_human_context"": true}",,correct
test2024-157.jpg,1,Travel & Architecture,auto,Travel & Architecture,0.9997,Events & Music,0.0003,Fireworks in the night sky above a church with a clock tower.,no,under,,fireworks in the night sky above a church with a clock tower,,"{""architecture_boost"": 0.36, ""street_demote_architecture"": 7.152557373046875e-07}",,correct
test2024-158.jpg,1,Food & Product,auto,Food & Product,0.9957,Nature & Landscape,0.0015,There is a full moon that is lit up in the sky.,yes,under,sports ball,there is a full moon that is lit up in the sky,,"{""product_boost"": 0.12}",Nature & Landscape,wrong
test2024-159.jpg,1,Food & Product,review,Food & Product,0.5035,Street Documentary,0.489,There is a store front with a red trash can in the dark.,yes,normal,,there is a store front with a red trash can in the dark,,"{""product_boost"": 0.12}",Street Documentary,wrong
test2024-160.jpg,3,Events & Music,auto,Events & Music,0.9624,Street Documentary,0.0298,There are two people that are playing guitar together in a room.,yes,normal,person; person,there are two people that are playing guitar together in a room,,"{""music_boost"": 0.12}",,correct
test2024-161.jpg,1,Events & Music,auto,Events & Music,0.9334,Branding & Portrait,0.0417,There is a man that is playing a guitar in front of a microphone.,yes,under,person; person; person,there is a man that is playing a guitar in front of a microphone,,"{""music_boost"": 0.12}",,
test2024-162.jpg,1,Events & Music,title-inferred,Events & Music,0.4436,Branding & Portrait,0.2786,There is a person holding a guitar in front of a crowd.,no,under,person,there is a person holding a guitar in front of a crowd,,"{""music_boost"": 0.12, ""branding_portrait_boost"": 0.12, ""street_boost"": 0.12, ""title_fallback"": ""There is a person holding a guitar in front of a crowd.""}",,
test2024-163.jpg,3,Events & Music,auto,Events & Music,0.8751,Branding & Portrait,0.1173,There is a man that is playing a guitar in the dark.,no,normal,person,there is a man that is playing a guitar in the dark,,"{""music_boost"": 0.12}",,
test2024-164.jpg,1,Travel & Architecture,review,Travel & Architecture,0.4283,Street Documentary,0.3916,There is a man that is standing in front of a window.,yes,under,,there is a man that is standing in front of a window,,"{""architecture_boost"": 0.09, ""street_demote_architecture"": 0.14500000000000002, ""rule_top1_preferred"": ""Other Photography""}",Events & Music,wrong
test2024-165.jpg,3,Events & Music,auto,Events & Music,0.9394,Street Documentary,0.0542,There is a blurry photo of a man playing a guitar.,yes,normal,person; person; person; person,there is a blurry photo of a man playing a guitar,,"{""music_boost"": 0.12}",,
test2024-166.jpg,4,Events & Music,auto,Events & Music,0.9905,Branding & Portrait,0.0063,There is a man that is playing a guitar in front of a microphone.,no,normal,person; person; boat,there is a man that is playing a guitar in front of a microphone,,"{""music_boost"": 0.12}",,
test2024-167.jpg,3,Events & Music,auto,Events & Music,0.9808,Branding & Portrait,0.0157,There is a black and white photo of a man playing a guitar.,no,normal,person,there is a black and white photo of a man playing a guitar,,"{""music_boost"": 0.12}",,
test2024-168.jpg,1,Branding & Portrait,review,Branding & Portrait,0.7869,Events & Music,0.1298,Woman holding up a cell phone to take a picture of herself.,yes,under,person,woman holding up a cell phone to take a picture of herself,,{},Events & Music,wrong
test2024-169.jpg,4,Events & Music,auto,Events & Music,0.9849,Street Documentary,0.0108,There is a man that is playing a guitar in front of a microphone.,no,normal,person; person,there is a man that is playing a guitar in front of a microphone,,"{""music_boost"": 0.12}",,
test2024-170.jpg,1,Events & Music,review,Events & Music,0.5074,Branding & Portrait,0.3323,There is a man that has a tattoo on his chest.,yes,under,person; person,there is a man that has a tattoo on his chest,,{},,
test2024-171.jpg,2,Events & Music,auto,Events & Music,0.9966,Branding & Portrait,0.0031,There is a man with a hat playing a guitar on stage.,yes,normal,person,there is a man with a hat playing a guitar on stage,,"{""music_boost"": 0.12, ""music_context_boost"": 0.06}",,
test2024-172.jpg,1,Events & Music,auto,Events & Music,0.9943,Branding & Portrait,0.0053,There is a man that is holding a microphone in his hand.,yes,under,person,there is a man that is holding a microphone in his hand,,"{""music_boost"": 0.12}",,
test2024-173.jpg,1,Events & Music,auto,Events & Music,0.9996,Branding & Portrait,0.0004,Woman in purple and gold outfit singing into microphone on stage.,no,under,person,woman in purple and gold outfit singing into microphone on stage,,"{""music_boost"": 0.12, ""music_context_boost"": 0.06}",,
test2024-174.jpg,2,Branding & Portrait,auto,Branding & Portrait,0.9366,Street Documentary,0.0545,There is a man in a red hoodie reading a book.,yes,normal,person,there is a man in a red hoodie reading a book,,{},,
test2024-175.jpg,1,Branding & Portrait,review,Branding & Portrait,0.5539,Food & Product,0.2773,There are two figurines sitting on a shelf in front of a tv.,yes,under,,there are two figurines sitting on a shelf in front of a tv,,{},Other Photography,wrong
test2024-176.jpg,3,Street Documentary,auto,Street Documentary,0.9764,Branding & Portrait,0.0194,They are walking on the pavement with their skateboards in hand.,yes,normal,person; person,they are walking on the pavement with their skateboards in hand,,{},,
test2024-177.jpg,1,Street Documentary,review,Street Documentary,0.5456,Branding & Portrait,0.3174,There is a black and white photo of a chair in a garage.,yes,under,,there is a black and white photo of a chair in a garage,,"{""street_requires_human_context"": true}",,correct
test2024-178.jpg,3,Street Documentary,review,Street Documentary,0.7668,Other Photography,0.2321,There is a black and white photo of a truck driving down the road.,no,normal,car,there is a black and white photo of a truck driving down the road,,"{""street_boost"": 0.24, ""other_boost"": 0.072, ""nature_demote_other"": 0.0006644725799560547, ""street_requires_human_context"": true}",,correct
test2024-179.jpg,1,Food & Product,auto,Food & Product,1.0,Events & Music,0.0,There is a silver ring with a star design on it.,yes,under,,there is a silver ring with a star design on it,,"{""portrait_demote_product_jewelry"": 7.212162017822266e-06}",,
test2024-180.jpg,1,Food & Product,auto,Food & Product,1.0,Street Documentary,0.0,There is a ring with a cross on it on a black surface.,yes,under,,there is a ring with a cross on it on a black surface,,"{""branding_portrait_boost"": 0.12, ""portrait_demote_product_jewelry"": 0.12000280141830444}",,
test2024-181.jpg,1,Food & Product,auto,Food & Product,0.9999,Street Documentary,0.0001,There is a silver chain that is laying on a black surface.,yes,under,,there is a silver chain that is laying on a black surface,,"{""branding_portrait_boost"": 0.12, ""portrait_demote_product_jewelry"": 0.12021618604660034}",,
test2024-182.jpg,1,Food & Product,auto,Food & Product,0.9997,Events & Music,0.0003,There is a gold ring on a gold chain on a black surface.,yes,under,,there is a gold ring on a gold chain on a black surface,,"{""branding_portrait_boost"": 0.12, ""portrait_demote_product_jewelry"": 0.12021012624104817}",,
test2024-183.jpg,1,Food & Product,auto,Food & Product,0.9928,Events & Music,0.006,There is a ring that is sitting on top of a table.,yes,under,,there is a ring that is sitting on top of a table,,"{""portrait_demote_product_jewelry"": 0.0009463628133138021}",,
test2024-184.jpg,1,Food & Product,auto,Food & Product,0.9998,Events & Music,0.0002,There is a bottle of alcohol and a ring on a table.,yes,under,,there is a bottle of alcohol and a ring on a table,,"{""product_boost"": 0.12, ""portrait_demote_product_jewelry"": 0.00015970071156819662}",,
test2024-185.jpg,2,Food & Product,review,Food & Product,0.4999,Street Documentary,0.4998,Two cans of beer sitting on a ledge in front of a city.,no,normal,,two cans of beer sitting on a ledge in front of a city,,"{""product_boost"": 0.12, ""street_boost"": 0.12, ""rule_top1_preferred"": ""Street Documentary""}",,correct
test2024-186.jpg,2,Food & Product,auto,Food & Product,0.9989,Branding & Portrait,0.0005,Someone is holding a can of beer in their hand near a cactus.,yes,normal,toothbrush,someone is holding a can of beer in their hand near a cactus,,"{""product_boost"": 0.24}",,
test2024-187.jpg,1,Food & Product,review,Food & Product,0.502,Branding & Portrait,0.4965,There is a person holding a can of soda near a cactus.,yes,normal,,there is a person holding a can of soda near a cactus,,"{""product_boost"": 0.12, ""branding_portrait_boost"": 0.12}",,correct
test2024-188.jpg,1,Food & Product,auto,Food & Product,0.9999,Events & Music,0.0,There are two cans of beer sitting on a shelf.,yes,under,,there are two cans of beer sitting on a shelf,,"{""product_boost"": 0.12}",,
test2024-189.jpg,2,Food & Product,review,Food & Product,0.5001,Nature & Landscape,0.4999,Two cans of orange soda sitting on top of a lush green field.,no,normal,,two cans of orange soda sitting on top of a lush green field,,"{""nature_boost"": 0.12, ""product_boost"": 0.12}",,correct
test2024-190.jpg,1,Food & Product,auto,Food & Product,1.0,Branding & Portrait,0.0,There are two cans of soda sitting next to each other.,yes,normal,,there are two cans of soda sitting next to each other,,"{""product_boost"": 0.12}",,
test2024-191.jpg,1,Food & Product,auto,Food & Product,1.0,Events & Music,0.0,There is a can of mango juice sitting on a table.,yes,normal,,there is a can of mango juice sitting on a table,,"{""product_boost"": 0.12}",,
test2024-192.jpg,2,Food & Product,auto,Food & Product,0.9999,Events & Music,0.0001,There is a can of beer and a pair of scissors on a table.,yes,normal,bottle,there is a can of beer and a pair of scissors on a table,,"{""product_boost"": 0.24}",,
test2024-193.jpg,1,Food & Product,auto,Food & Product,0.9999,Events & Music,0.0001,There is a close up of a bicycle handlebar with a can of soda.,no,under,,there is a close up of a bicycle handlebar with a can of soda,,"{""product_boost"": 0.12}",,
test2024-194.jpg,1,Food & Product,auto,Food & Product,0.9998,Events & Music,0.0002,Several cans of beer are lined up in a row on a table.,yes,normal,,several cans of beer are lined up in a row on a table,,"{""product_boost"": 0.12}",,
test2024-195.jpg,1,Food & Product,auto,Food & Product,0.9483,Branding & Portrait,0.0219,There are three skateboards that are lined up on a table.,yes,normal,,there are three skateboards that are lined up on a table,,{},,
test2024-196.jpg,1,Food & Product,review,Food & Product,0.5001,Nature & Landscape,0.4999,Several cans of soda sitting on top of a lush green field.,no,under,,several cans of soda sitting on top of a lush green field,,"{""nature_boost"": 0.12, ""product_boost"": 0.12}",,correct
test2024-197.jpg,1,Food & Product,title-inferred,Food & Product,0.4997,Branding & Portrait,0.4997,There is a person holding a can of soda in front of an oven.,yes,under,person,there is a person holding a can of soda in front of an oven,,"{""product_boost"": 0.12, ""branding_portrait_boost"": 0.12, ""title_fallback"": ""There is a person holding a can of soda in front of an oven.""}",,correct
test2024-198.jpg,2,Food & Product,auto,Food & Product,0.9987,Branding & Portrait,0.001,Someone holding a can of beer in their hand in a dark room.,yes,normal,person,someone holding a can of beer in their hand in a dark room,,"{""product_boost"": 0.12}",,
test2024-199.jpg,1,Food & Product,auto,Food & Product,1.0,Events & Music,0.0,Several cans of drinks are lined up on a shelf.,yes,normal,,several cans of drinks are lined up on a shelf,,"{""product_boost"": 0.12}",,
test2024-200.jpg,2,Food & Product,review,Food & Product,0.5016,Branding & Portrait,0.4983,There is a person holding a can of beer in a refrigerator.,yes,normal,person,there is a person holding a can of beer in a refrigerator,,"{""product_boost"": 0.12, ""branding_portrait_boost"": 0.12}",,correct
test2024-201.jpg,3,Food & Product,auto,Food & Product,0.9999,Events & Music,0.0,Three cans of marijuana are lined up on a shelf.,no,normal,book,three cans of marijuana are lined up on a shelf,,"{""product_boost"": 0.24}",,
test2024-202.jpg,2,Food & Product,auto,Food & Product,1.0,Events & Music,0.0,Several cans of beer are sitting on a bed of green grass.,no,normal,,several cans of beer are sitting on a bed of green grass,,"{""product_boost"": 0.12}",,
test2024-203.jpg,2,Food & Product,auto,Food & Product,0.9999,Branding & Portrait,0.0,Someone is holding a can of beer in their hand on a couch.,yes,normal,person,someone is holding a can of beer in their hand on a couch,,"{""product_boost"": 0.12}",,
test2024-204.jpg,3,Food & Product,auto,Food & Product,0.9977,Branding & Portrait,0.0022,Smiling woman sitting at a table holding a can of soda.,yes,normal,person; person,smiling woman sitting at a table holding a can of soda,,"{""product_boost"": 0.12}",,
test2024-205.jpg,2,Food & Product,auto,Food & Product,1.0,Branding & Portrait,0.0,Someone is holding two cans of beer in their hands.,no,normal,,someone is holding two cans of beer in their hands,,"{""product_boost"": 0.12}",,
test2024-206.jpg,2,Food & Product,auto,Food & Product,1.0,Events & Music,0.0,There is a can of orange juice sitting next to some oranges.,yes,normal,orange,there is a can of orange juice sitting next to some oranges,,"{""product_boost"": 0.24}",,
test2024-207.jpg,3,Food & Product,review,Food & Product,0.6671,Branding & Portrait,0.3328,There is a can of orange juice being held by a person.,yes,normal,orange; orange; orange; orange,there is a can of orange juice being held by a person,,"{""product_boost"": 0.24, ""branding_portrait_boost"": 0.12}",,correct
test2024-208.jpg,2,Food & Product,auto,Food & Product,1.0,Branding & Portrait,0.0,Someone is holding a can of soda in front of a brick wall.,yes,normal,person,someone is holding a can of soda in front of a brick wall,,"{""product_boost"": 0.12}",,
test2024-209.jpg,3,Food & Product,auto,Food & Product,0.9954,Street Documentary,0.0025,There are two people sitting on a bench and one is holding a can.,yes,normal,person; person,there are two people sitting on a bench and one is holding a can,,"{""product_boost"": 0.12}",,
test2024-210.jpg,2,Food & Product,auto,Food & Product,0.9992,Branding & Portrait,0.0004,There is a man and a woman sitting next to each other holding a can of beer.,yes,normal,person,there is a man and a woman sitting next to each other holding a can of beer,,"{""product_boost"": 0.12}",,
test2024-211.jpg,4,Food & Product,auto,Food & Product,0.999,Street Documentary,0.0005,There is a man sitting on a bench holding a can of soda.,no,normal,person; person,there is a man sitting on a bench holding a can of soda,,"{""product_boost"": 0.12}",,
test2024-212.jpg,3,Street Documentary,review,Street Documentary,0.5009,Food & Product,0.4977,Someone is holding a can of beer in their hand on the sidewalk.,no,normal,person,someone is holding a can of beer in their hand on the sidewalk,,"{""product_boost"": 0.12, ""street_boost"": 0.12}",Food & Product,wrong
test2024-213.jpg,3,Food & Product,auto,Food & Product,0.9966,Street Documentary,0.0017,There are two people holding a can of beer and laughing.,yes,normal,person; person,there are two people holding a can of beer and laughing,,"{""product_boost"": 0.12}",,
test2024-214.jpg,4,Food & Product,auto,Food & Product,0.9809,Street Documentary,0.0139,There are two cans of soda sitting on a ledge.,no,normal,person; person,there are two cans of soda sitting on a ledge,,"{""product_boost"": 0.12}",,
test2024-215.jpg,3,Street Documentary,review,Street Documentary,0.5001,Food & Product,0.4995,Someone holding two cans of beer in their hands on a sidewalk.,yes,normal,person; person,someone holding two cans of beer in their hands on a sidewalk,,"{""product_boost"": 0.12, ""street_boost"": 0.12}",Food & Product,wrong
test2024-216.jpg,1,Food & Product,auto,Food & Product,0.9945,Events & Music,0.0041,There is a close up of a sound board with a laptop in the background.,yes,under,bottle,there is a close up of a sound board with a laptop in the background,,"{""product_boost"": 0.12}",Events & Music,wrong
test2024-217.jpg,1,Events & Music,auto,Events & Music,0.9993,Branding & Portrait,0.0005,There is a close up of a keyboard and some microphones.,yes,normal,,there is a close up of a keyboard and some microphones,,"{""music_boost"": 0.12}",,
test2024-218.jpg,4,Nature & Landscape,auto,Nature & Landscape,0.9902,Branding & Portrait,0.009,There is a man and a woman holding hands in a field.,no,normal,person; person,there is a man and a woman holding hands in a field,,"{""nature_boost"": 0.12}",,
test2024-219.jpg,3,Wedding Photography,auto,Wedding Photography,0.9612,Nature & Landscape,0.0388,Bride and groom looking at each other in a forest setting.,yes,normal,person; person,bride and groom looking at each other in a forest setting,,"{""nature_boost"": 0.12, ""wedding_boost"": 0.39, ""wedding_override"": ""explicit""}",,
test2024-220.jpg,3,Food & Product,auto,Food & Product,0.9962,Branding & Portrait,0.0031,There is a man and a woman standing next to a car.,yes,normal,person; person; dining table,there is a man and a woman standing next to a car,,"{""product_boost"": 0.12}",,
test2024-221.jpg,2,Wedding Photography,auto,Wedding Photography,0.8419,Other Photography,0.1237,There is a bride sitting in a red sports car with a bouquet.,yes,normal,truck,there is a bride sitting in a red sports car with a bouquet,,"{""street_boost"": 0.12, ""wedding_boost"": 0.39, ""other_boost"": 0.072, ""wedding_override"": ""explicit""}",,
test2024-222.jpg,2,Branding & Portrait,review,Branding & Portrait,0.5329,Events & Music,0.2092,There is a man and a woman sitting in a red convertible car.,yes,normal,person,there is a man and a woman sitting in a red convertible car,,{},Wedding Photography,wrong
test2024-223.jpg,2,Branding & Portrait,review,Branding & Portrait,0.5933,Street Documentary,0.2249,There is a man and a woman kissing in a car.,yes,normal,person,there is a man and a woman kissing in a car,,{},Wedding Photography,wrong
test2024-224.jpg,2,Wedding Photography,auto,Wedding Photography,0.9608,Nature & Landscape,0.0392,Bride and groom kissing in the back of a red convertible car.,yes,normal,dog,bride and groom kissing in the back of a red convertible car,,"{""nature_boost"": 0.12, ""wedding_boost"": 0.39, ""wedding_override"": ""explicit""}",,
test2024-225.jpg,4,Branding & Portrait,auto,Branding & Portrait,0.9119,Events & Music,0.0278,There is a man and a woman posing for a picture with a dog.,no,normal,dog; person; person,there is a man and a woman posing for a picture with a dog,,{},Wedding Photography,wrong
test2024-226.jpg,3,Branding & Portrait,auto,Branding & Portrait,0.873,Food & Product,0.0392,There is a man and woman posing with a dog in the woods.,yes,normal,person; dog; person,there is a man and woman posing with a dog in the woods,,{},Wedding Photography,wrong
test2024-227.jpg,4,Branding & Portrait,auto,Branding & Portrait,0.861,Street Documentary,0.0497,There is a man and a woman sitting next to a dog.,no,normal,person; dog; person,there is a man and a woman sitting next to a dog,,{},Wedding Photography,wrong
test2024-228.jpg,3,Branding & Portrait,review,Branding & Portrait,0.7397,Street Documentary,0.1296,There is a man and a woman walking a dog on a leash.,yes,normal,person; person,there is a man and a woman walking a dog on a leash,,{},Wedding Photography,wrong
test2024-229.jpg,3,Branding & Portrait,auto,Branding & Portrait,0.9691,Events & Music,0.0127,There is a man and a woman that are smiling together.,yes,normal,person; person,there is a man and a woman that are smiling together,,{},Wedding Photography,wrong
test2024-230.jpg,1,Wedding Photography,auto,Wedding Photography,1.0,Travel & Architecture,0.0,There are two people holding hands with a veil over their shoulders.,yes,normal,,there are two people holding hands with a veil over their shoulders,,"{""wedding_boost"": 0.36, ""wedding_override"": ""explicit""}",,
test2024-231.jpg,4,Other Photography,review,Events & Music,0.4607,Branding & Portrait,0.4434,There are many people and a dog posing for a picture.,no,normal,person; person; person; person; person; person; person; person; person; person; person; person; person; tie,there are many people and a dog posing for a picture,,"{""other_gate"": {""reason"": ""margin_too_narrow"", ""margin"": 0.017356967356967345}}",Wedding Photography,wrong
test2024-232.jpg,4,Wedding Photography,auto,Wedding Photography,1.0,Travel & Architecture,0.0,Bride and groom posing with their family in front of a stone wall.,no,normal,person; person; person; person; person; person; tie,bride and groom posing with their family in front of a stone wall,,"{""wedding_boost"": 0.51, ""wedding_override"": ""explicit""}",,
test2024-233.jpg,4,Wedding Photography,auto,Wedding Photography,1.0,Travel & Architecture,0.0,Bride and groomsmen standing in front of a group of people.,no,normal,person; person; person; person; person; person; tie,bride and groomsmen standing in front of a group of people,,"{""wedding_boost"": 0.54, ""wedding_override"": ""explicit""}",,
test2024-234.jpg,4,Branding & Portrait,review,Branding & Portrait,0.7486,Events & Music,0.1697,There are three men and a dog posing for a picture.,no,normal,person; person; person; dog; person; tie,there are three men and a dog posing for a picture,,{},Wedding Photography,wrong
test2024-235.jpg,4,Wedding Photography,auto,Wedding Photography,1.0,Travel & Architecture,0.0,Bride and grooms holding hands with a dog in front of their wedding party.,no,normal,person; person; person; person; person; person; person; person,bride and grooms holding hands with a dog in front of their wedding party,,"{""wedding_boost"": 0.44999999999999996, ""wedding_override"": ""explicit""}",,
test2024-236.jpg,4,Branding & Portrait,review,Branding & Portrait,0.6781,Events & Music,0.2518,There is a group of men in suits and ties posing for a picture.,no,normal,person; person; person; person; person; person; dog; tie; tie,there is a group of men in suits and ties posing for a picture,,{},Wedding Photography,wrong
test2024-237.jpg,4,Branding & Portrait,review,Branding & Portrait,0.5578,Events & Music,0.3234,There are a lot of women that are standing together in dresses.,no,normal,person; person; person; person; person; person; person,there are a lot of women that are standing together in dresses,,{},Wedding Photography,wrong
test2024-238.jpg,4,Nature & Landscape,auto,Nature & Landscape,0.9418,Branding & Portrait,0.0409,There are two women standing next to each other in a field.,no,normal,person; person,there are two women standing next to each other in a field,,"{""nature_boost"": 0.12}",Wedding Photography,wrong
test2024-239.jpg,3,Branding & Portrait,auto,Branding & Portrait,0.878,Street Documentary,0.0566,There are two men in suits standing next to each other.,yes,normal,person; person; tie; tie,there are two men in suits standing next to each other,,{},Wedding Photography,wrong
test2024-240.jpg,4,Wedding Photography,auto,Wedding Photography,0.9651,Nature & Landscape,0.0349,Bride and groom walking with dog in field with wedding party.,no,normal,person; person; person; person; dog; chair,bride and groom walking with dog in field with wedding party,,"{""nature_boost"": 0.12, ""wedding_boost"": 0.44999999999999996, ""wedding_override"": ""explicit""}",,
test2024-241.jpg,4,Wedding Photography,auto,Wedding Photography,0.9608,Nature & Landscape,0.0392,Bride and groom sitting on a bench in a park with trees.,no,normal,person; person; person,bride and groom sitting on a bench in a park with trees,,"{""nature_boost"": 0.12, ""wedding_boost"": 0.39, ""wedding_override"": ""explicit""}",,
test2024-242.jpg,3,Wedding Photography,auto,Wedding Photography,1.0,Travel & Architecture,0.0,There is a man in a suit and tie giving a speech.,yes,normal,tie; person; person,there is a man in a suit and tie giving a speech,,"{""wedding_boost"": 0.36, ""wedding_override"": ""context""}",,
test2024-243.jpg,2,Events & Music,auto,Events & Music,0.9785,Branding & Portrait,0.0211,There is a woman that is holding a microphone in her hand.,yes,normal,person,there is a woman that is holding a microphone in her hand,,"{""music_boost"": 0.12}",Wedding Photography,wrong
test2024-244.jpg,2,Food & Product,review,Food & Product,0.6666,Nature & Landscape,0.3331,There is a glass jar with some flowers in it on a plate.,yes,normal,pizza,there is a glass jar with some flowers in it on a plate,,"{""nature_boost"": 0.12, ""product_boost"": 0.24}",,
test2024-245.jpg,4,Events & Music,auto,Events & Music,0.8202,Branding & Portrait,0.1398,There is a woman looking at a picture on a mirror.,no,normal,person; person; person,there is a woman looking at a picture on a mirror,,{},,
test2024-246.jpg,3,Food & Product,auto,Food & Product,0.9978,Branding & Portrait,0.0015,There is a table with a plate and a plate with a sign on it.,yes,normal,cup; dining table; sandwich,there is a table with a plate and a plate with a sign on it,,"{""product_boost"": 0.24}",Wedding Photography,wrong
test2024-247.jpg,3,Street Documentary,review,Street Documentary,0.7644,Events & Music,0.1919,There is a man that is standing in front of a group of people.,yes,normal,person; car; person; car; chair; chair; person; person; chair,there is a man that is standing in front of a group of people,,"{""street_boost"": 0.12}",Wedding Photography,wrong
test2024-248.jpg,3,Food & Product,auto,Food & Product,0.9129,Branding & Portrait,0.0771,There is a person pouring something into a glass on a table.,yes,normal,person; person; person,there is a person pouring something into a glass on a table,,"{""branding_portrait_boost"": 0.12, ""portrait_demote_product_jewelry"": 0.1}",,
test2024-249.jpg,2,Wedding Photography,auto,Wedding Photography,1.0,Travel & Architecture,0.0,Bride and groom sharing a kiss in front of a stone wall.,yes,normal,person,bride and groom sharing a kiss in front of a stone wall,,"{""wedding_boost"": 0.39, ""wedding_override"": ""explicit""}",,
test2024-250.jpg,3,Wedding Photography,auto,Wedding Photography,0.9709,Food & Product,0.0291,Bride and groom kissing at a wedding reception in a cave.,yes,normal,wine glass; person; person; bowl,bride and groom kissing at a wedding reception in a cave,,"{""product_boost"": 0.12, ""wedding_boost"": 0.57, ""wedding_override"": ""explicit""}",,
test2024-251.jpg,1,Events & Music,review,Events & Music,0.769,Street Documentary,0.0866,"There is a sign that says, ' bianpennies are a missod load '.",yes,under,,"there is a sign that says, ' bianpennies are a missod load '",,{},Wedding Photography,wrong
test2024-252.jpg,3,Food & Product,auto,Food & Product,0.9836,Events & Music,0.0163,There is a woman pouring a glass of wine into a wine glass.,yes,normal,wine glass; wine glass; cup; wine glass,there is a woman pouring a glass of wine into a wine glass,,"{""product_boost"": 0.12, ""portrait_demote_product_jewelry"": 7.468461990356445e-05}",Wedding Photography,wrong
test2024-253.jpg,4,Events & Music,review,Events & Music,0.6059,Food & Product,0.3405,Several people standing around a table with wine glasses in their hands.,no,normal,person; person; person; person; wine glass; person,several people standing around a table with wine glasses in their hands,,"{""product_boost"": 0.12}",Wedding Photography,wrong
test2024-254.jpg,3,Wedding Photography,auto,Wedding Photography,1.0,Travel & Architecture,0.0,Bride and groom in matching black jackets standing next to each other.,yes,normal,person; person,bride and groom in matching black jackets standing next to each other,,"{""wedding_boost"": 0.39, ""wedding_override"": ""explicit""}",,
test2024-255.jpg,3,Wedding Photography,auto,Wedding Photography,1.0,Travel & Architecture,0.0,Bride and groom kissing in the woods with their hands wrapped in plastic.,yes,normal,person; person,bride and groom kissing in the woods with their hands wrapped in plastic,,"{""wedding_boost"": 0.39, ""wedding_override"": ""explicit""}",,
test2024-256.jpg,1,Branding & Portrait,review,Branding & Portrait,0.6137,Street Documentary,0.2615,There are two people standing next to each other in the dark.,yes,under,person; person,there are two people standing next to each other in the dark,,{},Wedding Photography,wrong
test2024-257.jpg,3,Wedding Photography,auto,Wedding Photography,1.0,Travel & Architecture,0.0,Bride and groom sitting on a couch in front of a stone wall.,yes,normal,person; person,bride and groom sitting on a couch in front of a stone wall,,"{""wedding_boost"": 0.39, ""wedding_override"": ""explicit""}",,
test2024-258.jpg,3,Other Photography,review,Street Documentary,0.4231,Events & Music,0.3093,There are two people sitting on a couch with a glass of wine.,yes,normal,person; person,there are two people sitting on a couch with a glass of wine,,"{""title_fallback"": ""There are two people sitting on a couch with a glass of wine.""}",Wedding Photography,wrong
test2024-259.jpg,1,Events & Music,auto,Events & Music,0.9793,Branding & Portrait,0.0154,There is a man and a woman hugging in a room with confetti.,no,under,person,there is a man and a woman hugging in a room with confetti,,{},Wedding Photography,wrong
test2024-260.jpg,1,Events & Music,auto,Events & Music,0.9295,Branding & Portrait,0.0343,There is a man and woman that are dancing together in the dark.,yes,under,person; person,there is a man and woman that are dancing together in the dark,,{},Wedding Photography,wrong
test2024-261.jpg,1,Events & Music,auto,Events & Music,0.8984,Branding & Portrait,0.0633,There are two people standing next to each other in front of a curtain.,yes,under,person; person,there are two people standing next to each other in front of a curtain,,{},Wedding Photography,wrong
test2024-262.jpg,2,Events & Music,auto,Events & Music,0.8874,Branding & Portrait,0.0657,There is a man that is holding a bunch of balloons.,no,normal,,there is a man that is holding a bunch of balloons,,{},Wedding Photography,wrong
test2024-263.jpg,1,Events & Music,auto,Events & Music,0.9905,Branding & Portrait,0.0064,There are many people in suits and ties are holding up a man.,yes,under,person; person,there are many people in suits and ties are holding up a man,,{},Wedding Photography,wrong
test2024-264.jpg,4,Branding & Portrait,review,Branding & Portrait,0.4284,Street Documentary,0.2634,There is a man that is cutting a piece of paper with scissors.,no,normal,person; person,there is a man that is cutting a piece of paper with scissors,,"{""rule_top1_preferred"": ""Other Photography""}",Wedding Photography,wrong
test2024-265.jpg,2,Food & Product,auto,Food & Product,1.0,Branding & Portrait,0.0,There are many cans of marijuana are lined up on a shelf.,no,normal,,there are many cans of marijuana are lined up on a shelf,,"{""product_boost"": 0.12}",,
test2024-266.jpg,1,Food & Product,review,Food & Product,0.5047,Branding & Portrait,0.4951,There is a person reaching for a bottle of orange juice in a refrigerator.,yes,normal,,there is a person reaching for a bottle of orange juice in a refrigerator,,"{""product_boost"": 0.12, ""branding_portrait_boost"": 0.12}",,correct
test2024-267.jpg,4,Food & Product,auto,Food & Product,1.0,Events & Music,0.0,There are two oranges and two cans of drink in a refrigerator.,no,normal,orange; orange,there are two oranges and two cans of drink in a refrigerator,,"{""product_boost"": 0.24}",,
test2024-268.jpg,3,Nature & Landscape,auto,Nature & Landscape,0.9999,Travel & Architecture,0.0,There are two birds that are flying in the sky over the beach.,yes,normal,bird; bird,there are two birds that are flying in the sky over the beach,,"{""nature_boost"": 0.24}",,
test2024-269.jpg,2,Nature & Landscape,auto,Nature & Landscape,0.9991,Branding & Portrait,0.0004,There is a large bird that is flying in the sky.,yes,normal,bird,there is a large bird that is flying in the sky,,"{""nature_boost"": 0.12}",,
test2024-270.jpg,2,Food & Product,review,Food & Product,0.5,Nature & Landscape,0.5,There is a can of hammers on the beach with a blue sky in the background.,no,normal,,there is a can of hammers on the beach with a blue sky in the background,,"{""nature_boost"": 0.12, ""product_boost"": 0.12}",,correct
test2024-271.jpg,3,Food & Product,review,Food & Product,0.5001,Nature & Landscape,0.4998,There is a can of soda sitting on the sand by the water.,no,normal,bird,there is a can of soda sitting on the sand by the water,,"{""nature_boost"": 0.12, ""product_boost"": 0.12}",,correct
test2024-272.jpg,3,Food & Product,review,Food & Product,0.5007,Nature & Landscape,0.4992,There is a can of soda sitting on the sand by the water.,no,normal,sheep,there is a can of soda sitting on the sand by the water,,"{""nature_boost"": 0.12, ""product_boost"": 0.12}",,correct
test2024-273.jpg,1,Branding & Portrait,review,Branding & Portrait,0.4287,Street Documentary,0.2586,There is a red and white cup that is in the sand.,yes,normal,,there is a red and white cup that is in the sand,,"{""rule_top1_preferred"": ""Other Photography""}",Food & Product,wrong
test2024-274.jpg,3,Nature & Landscape,auto,Nature & Landscape,0.9984,Branding & Portrait,0.0008,There are two people walking on the beach holding hands.,yes,normal,person; person; person,there are two people walking on the beach holding hands,,"{""nature_boost"": 0.12}",Travel & Architecture,wrong
